-- phpMyAdmin SQL Dump
-- version 4.6.5.2
-- https://www.phpmyadmin.net/
--
-- Servidor: 127.0.0.1
-- Tiempo de generaci贸n: 20-06-2017 a las 23:59:47
-- Versi贸n del servidor: 10.1.21-MariaDB
-- Versi贸n de PHP: 5.6.30

SET SQL_MODE = "NO_AUTO_VALUE_ON_ZERO";
SET time_zone = "+00:00";


/*!40101 SET @OLD_CHARACTER_SET_CLIENT=@@CHARACTER_SET_CLIENT */;
/*!40101 SET @OLD_CHARACTER_SET_RESULTS=@@CHARACTER_SET_RESULTS */;
/*!40101 SET @OLD_COLLATION_CONNECTION=@@COLLATION_CONNECTION */;
/*!40101 SET NAMES utf8mb4 */;

--
-- Base de datos: `simulacro_unac`
--

-- --------------------------------------------------------

--
-- Estructura de tabla para la tabla `alternativa`
--

CREATE TABLE `alternativa` (
  `id_pregunta` varchar(20) NOT NULL,
  `bloque` int(2) NOT NULL,
  `alt1` varchar(30) NOT NULL,
  `alt2` varchar(30) NOT NULL,
  `alt3` varchar(30) NOT NULL,
  `alt4` varchar(30) NOT NULL,
  `alt5` varchar(30) NOT NULL,
  `alternativa_sol` int(1) NOT NULL,
  `curso_dividido` varchar(15) NOT NULL
) ENGINE=InnoDB DEFAULT CHARSET=latin1;

--
-- Volcado de datos para la tabla `alternativa`
--

INSERT INTO `alternativa` (`id_pregunta`, `bloque`, `alt1`, `alt2`, `alt3`, `alt4`, `alt5`, `alternativa_sol`, `curso_dividido`) VALUES
('PREG_01_BIO', 1, 'ALT01_PREG01_PBIO', 'ALT02_PREG01_PBIO', 'ALT03_PREG01_PBIO', 'ALT04_PREG01_PBIO', 'ALT05_PREG01_PBIO', 1, '13_BIO'),
('PREG_01_BIO', 2, 'ALT01_PREG01_PBIO', 'ALT02_PREG01_PBIO', 'ALT03_PREG01_PBIO', 'ALT04_PREG01_PBIO', 'ALT05_PREG01_PBIO', 3, '13_BIO'),
('PREG_01_BIO', 3, 'ALT01_PREG01_PBIO', 'ALT02_PREG01_PBIO', 'ALT03_PREG01_PBIO', 'ALT04_PREG01_PBIO', 'ALT05_PREG01_PBIO', 2, '13_BIO'),
('PREG_01_ECO', 1, 'ALT01_PREG01_PECO', 'ALT02_PREG01_PECO', 'ALT03_PREG01_PECO', 'ALT04_PREG01_PECO', 'ALT05_PREG01_PECO', 5, '17_ECO'),
('PREG_01_ECO', 2, 'ALT01_PREG01_PECO', 'ALT02_PREG01_PECO', 'ALT03_PREG01_PECO', 'ALT04_PREG01_PECO', 'ALT05_PREG01_PECO', 1, '17_ECO'),
('PREG_01_ECO', 3, 'ALT01_PREG01_PECO', 'ALT02_PREG01_PECO', 'ALT03_PREG01_PECO', 'ALT04_PREG01_PECO', 'ALT05_PREG01_PECO', 5, '17_ECO'),
('PREG_01_EDUC', 1, 'ALT01_PREG01_PEDUC', 'ALT02_PREG01_PEDUC', 'ALT03_PREG01_PEDUC', 'ALT04_PREG01_PEDUC', 'ALT05_PREG01_PEDUC', 5, '18_EDUC'),
('PREG_01_EDUC', 2, 'ALT01_PREG01_PEDUC', 'ALT02_PREG01_PEDUC', 'ALT03_PREG01_PEDUC', 'ALT04_PREG01_PEDUC', 'ALT05_PREG01_PEDUC', 2, '18_EDUC'),
('PREG_01_EDUC', 3, 'ALT01_PREG01_PEDUC', 'ALT02_PREG01_PEDUC', 'ALT03_PREG01_PEDUC', 'ALT04_PREG01_PEDUC', 'ALT05_PREG01_PEDUC', 4, '18_EDUC'),
('PREG_01_FIS', 1, 'ALT01_PREG01_PFIS', 'ALT02_PREG01_PFIS', 'ALT03_PREG01_PFIS', 'ALT04_PREG01_PFIS', 'ALT05_PREG01_PFIS', 1, '11_FIS'),
('PREG_01_FIS', 2, 'ALT01_PREG01_PFIS', 'ALT02_PREG01_PFIS', 'ALT03_PREG01_PFIS', 'ALT04_PREG01_PFIS', 'ALT05_PREG01_PFIS', 3, '11_FIS'),
('PREG_01_FIS', 3, 'ALT01_PREG01_PFIS', 'ALT02_PREG01_PFIS', 'ALT03_PREG01_PFIS', 'ALT04_PREG01_PFIS', 'ALT05_PREG01_PFIS', 2, '11_FIS'),
('PREG_01_HG', 1, 'ALT01_PREG01_PHG', 'ALT02_PREG01_PHG', 'ALT03_PREG01_PHG', 'ALT04_PREG01_PHG', 'ALT05_PREG01_PHG', 5, '15_HG'),
('PREG_01_HG', 2, 'ALT01_PREG01_PHG', 'ALT02_PREG01_PHG', 'ALT03_PREG01_PHG', 'ALT04_PREG01_PHG', 'ALT05_PREG01_PHG', 4, '15_HG'),
('PREG_01_HG', 3, 'ALT01_PREG01_PHG', 'ALT02_PREG01_PHG', 'ALT03_PREG01_PHG', 'ALT04_PREG01_PHG', 'ALT05_PREG01_PHG', 5, '15_HG'),
('PREG_01_LL', 1, 'ALT01_PREG01_PLL', 'ALT02_PREG01_PLL', 'ALT03_PREG01_PLL', 'ALT04_PREG01_PLL', 'ALT05_PREG01_PLL', 4, '14_LL'),
('PREG_01_LL', 2, 'ALT01_PREG01_PLL', 'ALT02_PREG01_PLL', 'ALT03_PREG01_PLL', 'ALT04_PREG01_PLL', 'ALT05_PREG01_PLL', 5, '14_LL'),
('PREG_01_LL', 3, 'ALT01_PREG01_PLL', 'ALT02_PREG01_PLL', 'ALT03_PREG01_PLL', 'ALT04_PREG01_PLL', 'ALT05_PREG01_PLL', 4, '14_LL'),
('PREG_01_MAT', 1, 'ALT01_PREG01_PMAT', 'ALT02_PREG01_PMAT', 'ALT03_PREG01_PMAT', 'ALT04_PREG01_PMAT', 'ALT05_PREG01_PMAT', 2, '10_MAT'),
('PREG_01_MAT', 2, 'ALT01_PREG01_PMAT', 'ALT02_PREG01_PMAT', 'ALT03_PREG01_PMAT', 'ALT04_PREG01_PMAT', 'ALT05_PREG01_PMAT', 1, '10_MAT'),
('PREG_01_MAT', 3, 'ALT01_PREG01_PMAT', 'ALT02_PREG01_PMAT', 'ALT03_PREG01_PMAT', 'ALT04_PREG01_PMAT', 'ALT05_PREG01_PMAT', 1, '10_MAT'),
('PREG_01_PFL', 1, 'ALT01_PREG01_PPFL', 'ALT02_PREG01_PPFL', 'ALT03_PREG01_PPFL', 'ALT04_PREG01_PPFL', 'ALT05_PREG01_PPFL', 4, '16_PFL'),
('PREG_01_PFL', 2, 'ALT01_PREG01_PPFL', 'ALT02_PREG01_PPFL', 'ALT03_PREG01_PPFL', 'ALT04_PREG01_PPFL', 'ALT05_PREG01_PPFL', 3, '16_PFL'),
('PREG_01_PFL', 3, 'ALT01_PREG01_PPFL', 'ALT02_PREG01_PPFL', 'ALT03_PREG01_PPFL', 'ALT04_PREG01_PPFL', 'ALT05_PREG01_PPFL', 1, '16_PFL'),
('PREG_01_QUIM', 1, 'ALT01_PREG01_PQUIM', 'ALT02_PREG01_PQUIM', 'ALT03_PREG01_PQUIM', 'ALT04_PREG01_PQUIM', 'ALT05_PREG01_PQUIM', 4, '12_QUIM'),
('PREG_01_QUIM', 2, 'ALT01_PREG01_PQUIM', 'ALT02_PREG01_PQUIM', 'ALT03_PREG01_PQUIM', 'ALT04_PREG01_PQUIM', 'ALT05_PREG01_PQUIM', 5, '12_QUIM'),
('PREG_01_QUIM', 3, 'ALT01_PREG01_PQUIM', 'ALT02_PREG01_PQUIM', 'ALT03_PREG01_PQUIM', 'ALT04_PREG01_PQUIM', 'ALT05_PREG01_PQUIM', 2, '12_QUIM'),
('PREG_01_RM_ALG', 1, 'ALT01_PREG01_PALG', 'ALT02_PREG01_PALG', 'ALT03_PREG01_PALG', 'ALT04_PREG01_PALG', 'ALT05_PREG01_PALG', 4, '02_PALG'),
('PREG_01_RM_ALG', 2, 'ALT01_PREG01_PALG', 'ALT02_PREG01_PALG', 'ALT03_PREG01_PALG', 'ALT04_PREG01_PALG', 'ALT05_PREG01_PALG', 5, '02_PALG'),
('PREG_01_RM_ALG', 3, 'ALT01_PREG01_PALG', 'ALT02_PREG01_PALG', 'ALT03_PREG01_PALG', 'ALT04_PREG01_PALG', 'ALT05_PREG01_PALG', 3, '02_PALG'),
('PREG_01_RM_LOG', 1, 'ALT01_PREG01_PLOG', 'ALT02_PREG01_PLOG', 'ALT03_PREG01_PLOG', 'ALT04_PREG01_PLOG', 'ALT05_PREG01_PLOG', 5, '04_PLOG'),
('PREG_01_RM_LOG', 2, 'ALT01_PREG01_PLOG', 'ALT02_PREG01_PLOG', 'ALT03_PREG01_PLOG', 'ALT04_PREG01_PLOG', 'ALT05_PREG01_PLOG', 2, '04_PLOG'),
('PREG_01_RM_LOG', 3, 'ALT01_PREG01_PLOG', 'ALT02_PREG01_PLOG', 'ALT03_PREG01_PLOG', 'ALT04_PREG01_PLOG', 'ALT05_PREG01_PLOG', 4, '04_PLOG'),
('PREG_01_RM_PA', 1, 'ALT01_PREG01_PARI', 'ALT02_PREG01_PARI', 'ALT03_PREG01_PARI', 'ALT04_PREG01_PARI', 'ALT05_PREG01_PARI', 5, '01_PARI'),
('PREG_01_RM_PA', 2, 'ALT01_PREG01_PARI', 'ALT02_PREG01_PARI', 'ALT03_PREG01_PARI', 'ALT04_PREG01_PARI', 'ALT05_PREG01_PARI', 1, '01_PARI'),
('PREG_01_RM_PA', 3, 'ALT01_PREG01_PARI', 'ALT02_PREG01_PARI', 'ALT03_PREG01_PARI', 'ALT04_PREG01_PARI', 'ALT05_PREG01_PARI', 3, '01_PARI'),
('PREG_01_RM_TRI', 1, 'ALT01_PREG01_PTRIG', 'ALT02_PREG01_PTRIG', 'ALT03_PREG01_PTRIG', 'ALT04_PREG01_PTRIG', 'ALT05_PREG01_PTRIG', 4, '03_PTRI'),
('PREG_01_RM_TRI', 2, 'ALT01_PREG01_PTRIG', 'ALT02_PREG01_PTRIG', 'ALT03_PREG01_PTRIG', 'ALT04_PREG01_PTRIG', 'ALT05_PREG01_PTRIG', 4, '03_PTRI'),
('PREG_01_RM_TRI', 3, 'ALT01_PREG01_PTRIG', 'ALT02_PREG01_PTRIG', 'ALT03_PREG01_PTRIG', 'ALT04_PREG01_PTRIG', 'ALT05_PREG01_PTRIG', 3, '03_PTRI'),
('PREG_01_RV_ANAL', 1, 'ALT01_PREG01_PANAL', 'ALT02_PREG01_PANAL', 'ALT03_PREG01_PANAL', 'ALT04_PREG01_PANAL', 'ALT05_PREG01_PANAL', 5, '06_ANAL'),
('PREG_01_RV_ANAL', 2, 'ALT01_PREG01_PANAL', 'ALT02_PREG01_PANAL', 'ALT03_PREG01_PANAL', 'ALT04_PREG01_PANAL', 'ALT05_PREG01_PANAL', 1, '06_ANAL'),
('PREG_01_RV_ANAL', 3, 'ALT01_PREG01_PANAL', 'ALT02_PREG01_PANAL', 'ALT03_PREG01_PANAL', 'ALT04_PREG01_PANAL', 'ALT05_PREG01_PANAL', 2, '06_ANAL'),
('PREG_01_RV_COMP', 1, 'ALT01_PREG01_PCOMP', 'ALT02_PREG01_PCOMP', 'ALT03_PREG01_PCOMP', 'ALT04_PREG01_PCOMP', 'ALT05_PREG01_PCOMP', 2, '07_COMP'),
('PREG_01_RV_COMP', 2, 'ALT01_PREG01_PCOMP', 'ALT02_PREG01_PCOMP', 'ALT03_PREG01_PCOMP', 'ALT04_PREG01_PCOMP', 'ALT05_PREG01_PCOMP', 4, '07_COMP'),
('PREG_01_RV_COMP', 3, 'ALT01_PREG01_PCOMP', 'ALT02_PREG01_PCOMP', 'ALT03_PREG01_PCOMP', 'ALT04_PREG01_PCOMP', 'ALT05_PREG01_PCOMP', 1, '07_COMP'),
('PREG_01_RV_ELIM', 1, 'ALT01_PREG01_PELIM', 'ALT02_PREG01_PELIM', 'ALT03_PREG01_PELIM', 'ALT04_PREG01_PELIM', 'ALT05_PREG01_PELIM', 2, '09_ELIM'),
('PREG_01_RV_ELIM', 2, 'ALT01_PREG01_PELIM', 'ALT02_PREG01_PELIM', 'ALT03_PREG01_PELIM', 'ALT04_PREG01_PELIM', 'ALT05_PREG01_PELIM', 2, '09_ELIM'),
('PREG_01_RV_ELIM', 3, 'ALT01_PREG01_PELIM', 'ALT02_PREG01_PELIM', 'ALT03_PREG01_PELIM', 'ALT04_PREG01_PELIM', 'ALT05_PREG01_PELIM', 2, '09_ELIM'),
('PREG_01_RV_ORAC', 1, 'ALT01_PREG01_PORAC', 'ALT02_PREG01_PORAC', 'ALT03_PREG01_PORAC', 'ALT04_PREG01_PORAC', 'ALT05_PREG01_PORAC', 3, '05_ORAC'),
('PREG_01_RV_ORAC', 2, 'ALT01_PREG01_PORAC', 'ALT02_PREG01_PORAC', 'ALT03_PREG01_PORAC', 'ALT04_PREG01_PORAC', 'ALT05_PREG01_PORAC', 4, '05_ORAC'),
('PREG_01_RV_ORAC', 3, 'ALT01_PREG01_PORAC', 'ALT02_PREG01_PORAC', 'ALT03_PREG01_PORAC', 'ALT04_PREG01_PORAC', 'ALT05_PREG01_PORAC', 1, '05_ORAC'),
('PREG_01_RV_PLAN', 1, 'ALT01_PREG01_PLAN', 'ALT02_PREG01_PLAN', 'ALT03_PREG01_PLAN', 'ALT04_PREG01_PLAN', 'ALT05_PREG01_PLAN', 5, '08_PLAN'),
('PREG_01_RV_PLAN', 2, 'ALT01_PREG01_PLAN', 'ALT02_PREG01_PLAN', 'ALT03_PREG01_PLAN', 'ALT04_PREG01_PLAN', 'ALT05_PREG01_PLAN', 1, '08_PLAN'),
('PREG_01_RV_PLAN', 3, 'ALT01_PREG01_PLAN', 'ALT02_PREG01_PLAN', 'ALT03_PREG01_PLAN', 'ALT04_PREG01_PLAN', 'ALT05_PREG01_PLAN', 2, '08_PLAN'),
('PREG_02_BIO', 1, 'ALT01_PREG02_PBIO', 'ALT02_PREG02_PBIO', 'ALT03_PREG02_PBIO', 'ALT04_PREG02_PBIO', 'ALT05_PREG02_PBIO', 3, '13_BIO'),
('PREG_02_BIO', 2, 'ALT01_PREG02_PBIO', 'ALT02_PREG02_PBIO', 'ALT03_PREG02_PBIO', 'ALT04_PREG02_PBIO', 'ALT05_PREG02_PBIO', 5, '13_BIO'),
('PREG_02_BIO', 3, 'ALT01_PREG02_PBIO', 'ALT02_PREG02_PBIO', 'ALT03_PREG02_PBIO', 'ALT04_PREG02_PBIO', 'ALT05_PREG02_PBIO', 5, '13_BIO'),
('PREG_02_ECO', 1, 'ALT01_PREG02_PECO', 'ALT02_PREG02_PECO', 'ALT03_PREG02_PECO', 'ALT04_PREG02_PECO', 'ALT05_PREG02_PECO', 5, '17_ECO'),
('PREG_02_ECO', 2, 'ALT01_PREG02_PECO', 'ALT02_PREG02_PECO', 'ALT03_PREG02_PECO', 'ALT04_PREG02_PECO', 'ALT05_PREG02_PECO', 2, '17_ECO'),
('PREG_02_ECO', 3, 'ALT01_PREG02_PECO', 'ALT02_PREG02_PECO', 'ALT03_PREG02_PECO', 'ALT04_PREG02_PECO', 'ALT05_PREG02_PECO', 2, '17_ECO'),
('PREG_02_EDUC', 1, 'ALT01_PREG02_PEDUC', 'ALT02_PREG02_PEDUC', 'ALT03_PREG02_PEDUC', 'ALT04_PREG02_PEDUC', 'ALT05_PREG02_PEDUC', 2, '18_EDUC'),
('PREG_02_EDUC', 2, 'ALT01_PREG02_PEDUC', 'ALT02_PREG02_PEDUC', 'ALT03_PREG02_PEDUC', 'ALT04_PREG02_PEDUC', 'ALT05_PREG02_PEDUC', 5, '18_EDUC'),
('PREG_02_EDUC', 3, 'ALT01_PREG02_PEDUC', 'ALT02_PREG02_PEDUC', 'ALT03_PREG02_PEDUC', 'ALT04_PREG02_PEDUC', 'ALT05_PREG02_PEDUC', 4, '18_EDUC'),
('PREG_02_FIS', 1, 'ALT01_PREG02_PFIS', 'ALT02_PREG02_PFIS', 'ALT03_PREG02_PFIS', 'ALT04_PREG02_PFIS', 'ALT05_PREG02_PFIS', 5, '11_FIS'),
('PREG_02_FIS', 2, 'ALT01_PREG02_PFIS', 'ALT02_PREG02_PFIS', 'ALT03_PREG02_PFIS', 'ALT04_PREG02_PFIS', 'ALT05_PREG02_PFIS', 5, '11_FIS'),
('PREG_02_FIS', 3, 'ALT01_PREG02_PFIS', 'ALT02_PREG02_PFIS', 'ALT03_PREG02_PFIS', 'ALT04_PREG02_PFIS', 'ALT05_PREG02_PFIS', 4, '11_FIS'),
('PREG_02_HG', 1, 'ALT01_PREG02_PHG', 'ALT02_PREG02_PHG', 'ALT03_PREG02_PHG', 'ALT04_PREG02_PHG', 'ALT05_PREG02_PHG', 3, '15_HG'),
('PREG_02_HG', 2, 'ALT01_PREG02_PHG', 'ALT02_PREG02_PHG', 'ALT03_PREG02_PHG', 'ALT04_PREG02_PHG', 'ALT05_PREG02_PHG', 1, '15_HG'),
('PREG_02_HG', 3, 'ALT01_PREG02_PHG', 'ALT02_PREG02_PHG', 'ALT03_PREG02_PHG', 'ALT04_PREG02_PHG', 'ALT05_PREG02_PHG', 4, '15_HG'),
('PREG_02_LL', 1, 'ALT01_PREG02_PLL', 'ALT02_PREG02_PLL', 'ALT03_PREG02_PLL', 'ALT04_PREG02_PLL', 'ALT05_PREG02_PLL', 5, '14_LL'),
('PREG_02_LL', 2, 'ALT01_PREG02_PLL', 'ALT02_PREG02_PLL', 'ALT03_PREG02_PLL', 'ALT04_PREG02_PLL', 'ALT05_PREG02_PLL', 1, '14_LL'),
('PREG_02_LL', 3, 'ALT01_PREG02_PLL', 'ALT02_PREG02_PLL', 'ALT03_PREG02_PLL', 'ALT04_PREG02_PLL', 'ALT05_PREG02_PLL', 1, '14_LL'),
('PREG_02_MAT', 1, 'ALT01_PREG02_PMAT', 'ALT02_PREG02_PMAT', 'ALT03_PREG02_PMAT', 'ALT04_PREG02_PMAT', 'ALT05_PREG02_PMAT', 1, '10_MAT'),
('PREG_02_MAT', 2, 'ALT01_PREG02_PMAT', 'ALT02_PREG02_PMAT', 'ALT03_PREG02_PMAT', 'ALT04_PREG02_PMAT', 'ALT05_PREG02_PMAT', 5, '10_MAT'),
('PREG_02_MAT', 3, 'ALT01_PREG02_PMAT', 'ALT02_PREG02_PMAT', 'ALT03_PREG02_PMAT', 'ALT04_PREG02_PMAT', 'ALT05_PREG02_PMAT', 2, '10_MAT'),
('PREG_02_PFL', 1, 'ALT01_PREG02_PPFL', 'ALT02_PREG02_PPFL', 'ALT03_PREG02_PPFL', 'ALT04_PREG02_PPFL', 'ALT05_PREG02_PPFL', 3, '16_PFL'),
('PREG_02_PFL', 2, 'ALT01_PREG02_PPFL', 'ALT02_PREG02_PPFL', 'ALT03_PREG02_PPFL', 'ALT04_PREG02_PPFL', 'ALT05_PREG02_PPFL', 1, '16_PFL'),
('PREG_02_PFL', 3, 'ALT01_PREG02_PPFL', 'ALT02_PREG02_PPFL', 'ALT03_PREG02_PPFL', 'ALT04_PREG02_PPFL', 'ALT05_PREG02_PPFL', 1, '16_PFL'),
('PREG_02_QUIM', 1, 'ALT01_PREG02_PQUIM', 'ALT02_PREG02_PQUIM', 'ALT03_PREG02_PQUIM', 'ALT04_PREG02_PQUIM', 'ALT05_PREG02_PQUIM', 4, '12_QUIM'),
('PREG_02_QUIM', 2, 'ALT01_PREG02_PQUIM', 'ALT02_PREG02_PQUIM', 'ALT03_PREG02_PQUIM', 'ALT04_PREG02_PQUIM', 'ALT05_PREG02_PQUIM', 3, '12_QUIM'),
('PREG_02_QUIM', 3, 'ALT01_PREG02_PQUIM', 'ALT02_PREG02_PQUIM', 'ALT03_PREG02_PQUIM', 'ALT04_PREG02_PQUIM', 'ALT05_PREG02_PQUIM', 1, '12_QUIM'),
('PREG_02_RM_ALG', 1, 'ALT01_PREG02_PALG', 'ALT02_PREG02_PALG', 'ALT03_PREG02_PALG', 'ALT04_PREG02_PALG', 'ALT05_PREG02_PALG', 5, '02_PALG'),
('PREG_02_RM_ALG', 2, 'ALT01_PREG02_PALG', 'ALT02_PREG02_PALG', 'ALT03_PREG02_PALG', 'ALT04_PREG02_PALG', 'ALT05_PREG02_PALG', 3, '02_PALG'),
('PREG_02_RM_ALG', 3, 'ALT01_PREG02_PALG', 'ALT02_PREG02_PALG', 'ALT03_PREG02_PALG', 'ALT04_PREG02_PALG', 'ALT05_PREG02_PALG', 5, '02_PALG'),
('PREG_02_RM_LOG', 1, 'ALT01_PREG02_PLOG', 'ALT02_PREG02_PLOG', 'ALT03_PREG02_PLOG', 'ALT04_PREG02_PLOG', 'ALT05_PREG02_PLOG', 3, '04_PLOG'),
('PREG_02_RM_LOG', 2, 'ALT01_PREG02_PLOG', 'ALT02_PREG02_PLOG', 'ALT03_PREG02_PLOG', 'ALT04_PREG02_PLOG', 'ALT05_PREG02_PLOG', 3, '04_PLOG'),
('PREG_02_RM_LOG', 3, 'ALT01_PREG02_PLOG', 'ALT02_PREG02_PLOG', 'ALT03_PREG02_PLOG', 'ALT04_PREG02_PLOG', 'ALT05_PREG02_PLOG', 2, '04_PLOG'),
('PREG_02_RM_PA', 1, 'ALT01_PREG02_PARI', 'ALT02_PREG02_PARI', 'ALT03_PREG02_PARI', 'ALT04_PREG02_PARI', 'ALT05_PREG02_PARI', 3, '01_PARI'),
('PREG_02_RM_PA', 2, 'ALT01_PREG02_PARI', 'ALT02_PREG02_PARI', 'ALT03_PREG02_PARI', 'ALT04_PREG02_PARI', 'ALT05_PREG02_PARI', 2, '01_PARI'),
('PREG_02_RM_PA', 3, 'ALT01_PREG02_PARI', 'ALT02_PREG02_PARI', 'ALT03_PREG02_PARI', 'ALT04_PREG02_PARI', 'ALT05_PREG02_PARI', 4, '01_PARI'),
('PREG_02_RM_TRI', 1, 'ALT01_PREG02_PTRIG', 'ALT02_PREG02_PTRIG', 'ALT03_PREG02_PTRIG', 'ALT04_PREG02_PTRIG', 'ALT05_PREG02_PTRIG', 4, '03_PTRI'),
('PREG_02_RM_TRI', 2, 'ALT01_PREG02_PTRIG', 'ALT02_PREG02_PTRIG', 'ALT03_PREG02_PTRIG', 'ALT04_PREG02_PTRIG', 'ALT05_PREG02_PTRIG', 3, '03_PTRI'),
('PREG_02_RM_TRI', 3, 'ALT01_PREG02_PTRIG', 'ALT02_PREG02_PTRIG', 'ALT03_PREG02_PTRIG', 'ALT04_PREG02_PTRIG', 'ALT05_PREG02_PTRIG', 3, '03_PTRI'),
('PREG_02_RV_ANAL', 1, 'ALT01_PREG02_PANAL', 'ALT02_PREG02_PANAL', 'ALT03_PREG02_PANAL', 'ALT04_PREG02_PANAL', 'ALT05_PREG02_PANAL', 3, '06_ANAL'),
('PREG_02_RV_ANAL', 2, 'ALT01_PREG02_PANAL', 'ALT02_PREG02_PANAL', 'ALT03_PREG02_PANAL', 'ALT04_PREG02_PANAL', 'ALT05_PREG02_PANAL', 5, '06_ANAL'),
('PREG_02_RV_ANAL', 3, 'ALT01_PREG02_PANAL', 'ALT02_PREG02_PANAL', 'ALT03_PREG02_PANAL', 'ALT04_PREG02_PANAL', 'ALT05_PREG02_PANAL', 3, '06_ANAL'),
('PREG_02_RV_COMP', 1, 'ALT01_PREG02_PCOMP', 'ALT02_PREG02_PCOMP', 'ALT03_PREG02_PCOMP', 'ALT04_PREG02_PCOMP', 'ALT05_PREG02_PCOMP', 1, '07_COMP'),
('PREG_02_RV_COMP', 2, 'ALT01_PREG02_PCOMP', 'ALT02_PREG02_PCOMP', 'ALT03_PREG02_PCOMP', 'ALT04_PREG02_PCOMP', 'ALT05_PREG02_PCOMP', 2, '07_COMP'),
('PREG_02_RV_COMP', 3, 'ALT01_PREG02_PCOMP', 'ALT02_PREG02_PCOMP', 'ALT03_PREG02_PCOMP', 'ALT04_PREG02_PCOMP', 'ALT05_PREG02_PCOMP', 1, '07_COMP'),
('PREG_02_RV_ELIM', 1, 'ALT01_PREG02_PELIM', 'ALT02_PREG02_PELIM', 'ALT03_PREG02_PELIM', 'ALT04_PREG02_PELIM', 'ALT05_PREG02_PELIM', 1, '09_ELIM'),
('PREG_02_RV_ELIM', 2, 'ALT01_PREG02_PELIM', 'ALT02_PREG02_PELIM', 'ALT03_PREG02_PELIM', 'ALT04_PREG02_PELIM', 'ALT05_PREG02_PELIM', 3, '09_ELIM'),
('PREG_02_RV_ELIM', 3, 'ALT01_PREG02_PELIM', 'ALT02_PREG02_PELIM', 'ALT03_PREG02_PELIM', 'ALT04_PREG02_PELIM', 'ALT05_PREG02_PELIM', 4, '09_ELIM'),
('PREG_02_RV_ORAC', 1, 'ALT01_PREG02_PORAC', 'ALT02_PREG02_PORAC', 'ALT03_PREG02_PORAC', 'ALT04_PREG02_PORAC', 'ALT05_PREG02_PORAC', 3, '05_ORAC'),
('PREG_02_RV_ORAC', 2, 'ALT01_PREG02_PORAC', 'ALT02_PREG02_PORAC', 'ALT03_PREG02_PORAC', 'ALT04_PREG02_PORAC', 'ALT05_PREG02_PORAC', 3, '05_ORAC'),
('PREG_02_RV_ORAC', 3, 'ALT01_PREG02_PORAC', 'ALT02_PREG02_PORAC', 'ALT03_PREG02_PORAC', 'ALT04_PREG02_PORAC', 'ALT05_PREG02_PORAC', 1, '05_ORAC'),
('PREG_02_RV_PLAN', 1, 'ALT01_PREG02_PLAN', 'ALT02_PREG02_PLAN', 'ALT03_PREG02_PLAN', 'ALT04_PREG02_PLAN', 'ALT05_PREG02_PLAN', 3, '08_PLAN'),
('PREG_02_RV_PLAN', 2, 'ALT01_PREG02_PLAN', 'ALT02_PREG02_PLAN', 'ALT03_PREG02_PLAN', 'ALT04_PREG02_PLAN', 'ALT05_PREG02_PLAN', 5, '08_PLAN'),
('PREG_02_RV_PLAN', 3, 'ALT01_PREG02_PLAN', 'ALT02_PREG02_PLAN', 'ALT03_PREG02_PLAN', 'ALT04_PREG02_PLAN', 'ALT05_PREG02_PLAN', 2, '08_PLAN'),
('PREG_03_BIO', 1, 'ALT01_PREG03_PBIO', 'ALT02_PREG03_PBIO', 'ALT03_PREG03_PBIO', 'ALT04_PREG03_PBIO', 'ALT05_PREG03_PBIO', 2, '13_BIO'),
('PREG_03_BIO', 2, 'ALT01_PREG03_PBIO', 'ALT02_PREG03_PBIO', 'ALT03_PREG03_PBIO', 'ALT04_PREG03_PBIO', 'ALT05_PREG03_PBIO', 4, '13_BIO'),
('PREG_03_BIO', 3, 'ALT01_PREG03_PBIO', 'ALT02_PREG03_PBIO', 'ALT03_PREG03_PBIO', 'ALT04_PREG03_PBIO', 'ALT05_PREG03_PBIO', 2, '13_BIO'),
('PREG_03_ECO', 1, 'ALT01_PREG03_PECO', 'ALT02_PREG03_PECO', 'ALT03_PREG03_PECO', 'ALT04_PREG03_PECO', 'ALT05_PREG03_PECO', 5, '17_ECO'),
('PREG_03_ECO', 2, 'ALT01_PREG03_PECO', 'ALT02_PREG03_PECO', 'ALT03_PREG03_PECO', 'ALT04_PREG03_PECO', 'ALT05_PREG03_PECO', 4, '17_ECO'),
('PREG_03_ECO', 3, 'ALT01_PREG03_PECO', 'ALT02_PREG03_PECO', 'ALT03_PREG03_PECO', 'ALT04_PREG03_PECO', 'ALT05_PREG03_PECO', 2, '17_ECO'),
('PREG_03_FIS', 1, 'ALT01_PREG03_PFIS', 'ALT02_PREG03_PFIS', 'ALT03_PREG03_PFIS', 'ALT04_PREG03_PFIS', 'ALT05_PREG03_PFIS', 3, '11_FIS'),
('PREG_03_FIS', 2, 'ALT01_PREG03_PFIS', 'ALT02_PREG03_PFIS', 'ALT03_PREG03_PFIS', 'ALT04_PREG03_PFIS', 'ALT05_PREG03_PFIS', 1, '11_FIS'),
('PREG_03_FIS', 3, 'ALT01_PREG03_PFIS', 'ALT02_PREG03_PFIS', 'ALT03_PREG03_PFIS', 'ALT04_PREG03_PFIS', 'ALT05_PREG03_PFIS', 3, '11_FIS'),
('PREG_03_HG', 1, 'ALT01_PREG03_PHG', 'ALT02_PREG03_PHG', 'ALT03_PREG03_PHG', 'ALT04_PREG03_PHG', 'ALT05_PREG03_PHG', 1, '15_HG'),
('PREG_03_HG', 2, 'ALT01_PREG03_PHG', 'ALT02_PREG03_PHG', 'ALT03_PREG03_PHG', 'ALT04_PREG03_PHG', 'ALT05_PREG03_PHG', 1, '15_HG'),
('PREG_03_HG', 3, 'ALT01_PREG03_PHG', 'ALT02_PREG03_PHG', 'ALT03_PREG03_PHG', 'ALT04_PREG03_PHG', 'ALT05_PREG03_PHG', 5, '15_HG'),
('PREG_03_LL', 1, 'ALT01_PREG03_PLL', 'ALT02_PREG03_PLL', 'ALT03_PREG03_PLL', 'ALT04_PREG03_PLL', 'ALT05_PREG03_PLL', 4, '14_LL'),
('PREG_03_LL', 2, 'ALT01_PREG03_PLL', 'ALT02_PREG03_PLL', 'ALT03_PREG03_PLL', 'ALT04_PREG03_PLL', 'ALT05_PREG03_PLL', 5, '14_LL'),
('PREG_03_LL', 3, 'ALT01_PREG03_PLL', 'ALT02_PREG03_PLL', 'ALT03_PREG03_PLL', 'ALT04_PREG03_PLL', 'ALT05_PREG03_PLL', 1, '14_LL'),
('PREG_03_MAT', 1, 'ALT01_PREG03_PMAT', 'ALT02_PREG03_PMAT', 'ALT03_PREG03_PMAT', 'ALT04_PREG03_PMAT', 'ALT05_PREG03_PMAT', 1, '10_MAT'),
('PREG_03_MAT', 2, 'ALT01_PREG03_PMAT', 'ALT02_PREG03_PMAT', 'ALT03_PREG03_PMAT', 'ALT04_PREG03_PMAT', 'ALT05_PREG03_PMAT', 1, '10_MAT'),
('PREG_03_MAT', 3, 'ALT01_PREG03_PMAT', 'ALT02_PREG03_PMAT', 'ALT03_PREG03_PMAT', 'ALT04_PREG03_PMAT', 'ALT05_PREG03_PMAT', 3, '10_MAT'),
('PREG_03_PFL', 1, 'ALT01_PREG03_PPFL', 'ALT02_PREG03_PPFL', 'ALT03_PREG03_PPFL', 'ALT04_PREG03_PPFL', 'ALT05_PREG03_PPFL', 3, '16_PFL'),
('PREG_03_PFL', 2, 'ALT01_PREG03_PPFL', 'ALT02_PREG03_PPFL', 'ALT03_PREG03_PPFL', 'ALT04_PREG03_PPFL', 'ALT05_PREG03_PPFL', 3, '16_PFL'),
('PREG_03_PFL', 3, 'ALT01_PREG03_PPFL', 'ALT02_PREG03_PPFL', 'ALT03_PREG03_PPFL', 'ALT04_PREG03_PPFL', 'ALT05_PREG03_PPFL', 3, '16_PFL'),
('PREG_03_QUIM', 1, 'ALT01_PREG03_PQUIM', 'ALT02_PREG03_PQUIM', 'ALT03_PREG03_PQUIM', 'ALT04_PREG03_PQUIM', 'ALT05_PREG03_PQUIM', 3, '12_QUIM'),
('PREG_03_QUIM', 2, 'ALT01_PREG03_PQUIM', 'ALT02_PREG03_PQUIM', 'ALT03_PREG03_PQUIM', 'ALT04_PREG03_PQUIM', 'ALT05_PREG03_PQUIM', 3, '12_QUIM'),
('PREG_03_QUIM', 3, 'ALT01_PREG03_PQUIM', 'ALT02_PREG03_PQUIM', 'ALT03_PREG03_PQUIM', 'ALT04_PREG03_PQUIM', 'ALT05_PREG03_PQUIM', 4, '12_QUIM'),
('PREG_03_RM_ALG', 1, 'ALT01_PREG03_PALG', 'ALT02_PREG03_PALG', 'ALT03_PREG03_PALG', 'ALT04_PREG03_PALG', 'ALT05_PREG03_PALG', 2, '02_PALG'),
('PREG_03_RM_ALG', 2, 'ALT01_PREG03_PALG', 'ALT02_PREG03_PALG', 'ALT03_PREG03_PALG', 'ALT04_PREG03_PALG', 'ALT05_PREG03_PALG', 5, '02_PALG'),
('PREG_03_RM_ALG', 3, 'ALT01_PREG03_PALG', 'ALT02_PREG03_PALG', 'ALT03_PREG03_PALG', 'ALT04_PREG03_PALG', 'ALT05_PREG03_PALG', 5, '02_PALG'),
('PREG_03_RM_LOG', 1, 'ALT01_PREG03_PLOG', 'ALT02_PREG03_PLOG', 'ALT03_PREG03_PLOG', 'ALT04_PREG03_PLOG', 'ALT05_PREG03_PLOG', 4, '04_PLOG'),
('PREG_03_RM_LOG', 2, 'ALT01_PREG03_PLOG', 'ALT02_PREG03_PLOG', 'ALT03_PREG03_PLOG', 'ALT04_PREG03_PLOG', 'ALT05_PREG03_PLOG', 3, '04_PLOG'),
('PREG_03_RM_LOG', 3, 'ALT01_PREG03_PLOG', 'ALT02_PREG03_PLOG', 'ALT03_PREG03_PLOG', 'ALT04_PREG03_PLOG', 'ALT05_PREG03_PLOG', 5, '04_PLOG'),
('PREG_03_RM_PA', 1, 'ALT01_PREG03_PARI', 'ALT02_PREG03_PARI', 'ALT03_PREG03_PARI', 'ALT04_PREG03_PARI', 'ALT05_PREG03_PARI', 2, '01_PARI'),
('PREG_03_RM_PA', 2, 'ALT01_PREG03_PARI', 'ALT02_PREG03_PARI', 'ALT03_PREG03_PARI', 'ALT04_PREG03_PARI', 'ALT05_PREG03_PARI', 5, '01_PARI'),
('PREG_03_RM_PA', 3, 'ALT01_PREG03_PARI', 'ALT02_PREG03_PARI', 'ALT03_PREG03_PARI', 'ALT04_PREG03_PARI', 'ALT05_PREG03_PARI', 2, '01_PARI'),
('PREG_03_RM_TRI', 1, 'ALT01_PREG03_PTRIG', 'ALT02_PREG03_PTRIG', 'ALT03_PREG03_PTRIG', 'ALT04_PREG03_PTRIG', 'ALT05_PREG03_PTRIG', 1, '03_PTRI'),
('PREG_03_RM_TRI', 2, 'ALT01_PREG03_PTRIG', 'ALT02_PREG03_PTRIG', 'ALT03_PREG03_PTRIG', 'ALT04_PREG03_PTRIG', 'ALT05_PREG03_PTRIG', 5, '03_PTRI'),
('PREG_03_RM_TRI', 3, 'ALT01_PREG03_PTRIG', 'ALT02_PREG03_PTRIG', 'ALT03_PREG03_PTRIG', 'ALT04_PREG03_PTRIG', 'ALT05_PREG03_PTRIG', 4, '03_PTRI'),
('PREG_03_RV_ANAL', 1, 'ALT01_PREG03_PANAL', 'ALT02_PREG03_PANAL', 'ALT03_PREG03_PANAL', 'ALT04_PREG03_PANAL', 'ALT05_PREG03_PANAL', 3, '06_ANAL'),
('PREG_03_RV_ANAL', 2, 'ALT01_PREG03_PANAL', 'ALT02_PREG03_PANAL', 'ALT03_PREG03_PANAL', 'ALT04_PREG03_PANAL', 'ALT05_PREG03_PANAL', 3, '06_ANAL'),
('PREG_03_RV_ANAL', 3, 'ALT01_PREG03_PANAL', 'ALT02_PREG03_PANAL', 'ALT03_PREG03_PANAL', 'ALT04_PREG03_PANAL', 'ALT05_PREG03_PANAL', 4, '06_ANAL'),
('PREG_03_RV_COMP', 1, 'ALT01_PREG03_PCOMP', 'ALT02_PREG03_PCOMP', 'ALT03_PREG03_PCOMP', 'ALT04_PREG03_PCOMP', 'ALT05_PREG03_PCOMP', 4, '07_COMP'),
('PREG_03_RV_COMP', 2, 'ALT01_PREG03_PCOMP', 'ALT02_PREG03_PCOMP', 'ALT03_PREG03_PCOMP', 'ALT04_PREG03_PCOMP', 'ALT05_PREG03_PCOMP', 1, '07_COMP'),
('PREG_03_RV_COMP', 3, 'ALT01_PREG03_PCOMP', 'ALT02_PREG03_PCOMP', 'ALT03_PREG03_PCOMP', 'ALT04_PREG03_PCOMP', 'ALT05_PREG03_PCOMP', 5, '07_COMP'),
('PREG_03_RV_ELIM', 1, 'ALT01_PREG03_PELIM', 'ALT02_PREG03_PELIM', 'ALT03_PREG03_PELIM', 'ALT04_PREG03_PELIM', 'ALT05_PREG03_PELIM', 1, '09_ELIM'),
('PREG_03_RV_ELIM', 2, 'ALT01_PREG03_PELIM', 'ALT02_PREG03_PELIM', 'ALT03_PREG03_PELIM', 'ALT04_PREG03_PELIM', 'ALT05_PREG03_PELIM', 1, '09_ELIM'),
('PREG_03_RV_ELIM', 3, 'ALT01_PREG03_PELIM', 'ALT02_PREG03_PELIM', 'ALT03_PREG03_PELIM', 'ALT04_PREG03_PELIM', 'ALT05_PREG03_PELIM', 5, '09_ELIM'),
('PREG_03_RV_ORAC', 1, 'ALT01_PREG03_PORAC', 'ALT02_PREG03_PORAC', 'ALT03_PREG03_PORAC', 'ALT04_PREG03_PORAC', 'ALT05_PREG03_PORAC', 4, '05_ORAC'),
('PREG_03_RV_ORAC', 2, 'ALT01_PREG03_PORAC', 'ALT02_PREG03_PORAC', 'ALT03_PREG03_PORAC', 'ALT04_PREG03_PORAC', 'ALT05_PREG03_PORAC', 1, '05_ORAC'),
('PREG_03_RV_ORAC', 3, 'ALT01_PREG03_PORAC', 'ALT02_PREG03_PORAC', 'ALT03_PREG03_PORAC', 'ALT04_PREG03_PORAC', 'ALT05_PREG03_PORAC', 2, '05_ORAC'),
('PREG_03_RV_PLAN', 1, 'ALT01_PREG03_PLAN', 'ALT02_PREG03_PLAN', 'ALT03_PREG03_PLAN', 'ALT04_PREG03_PLAN', 'ALT05_PREG03_PLAN', 1, '08_PLAN'),
('PREG_03_RV_PLAN', 2, 'ALT01_PREG03_PLAN', 'ALT02_PREG03_PLAN', 'ALT03_PREG03_PLAN', 'ALT04_PREG03_PLAN', 'ALT05_PREG03_PLAN', 2, '08_PLAN'),
('PREG_03_RV_PLAN', 3, 'ALT01_PREG03_PLAN', 'ALT02_PREG03_PLAN', 'ALT03_PREG03_PLAN', 'ALT04_PREG03_PLAN', 'ALT05_PREG03_PLAN', 5, '08_PLAN'),
('PREG_04_BIO', 1, 'ALT01_PREG04_PBIO', 'ALT02_PREG04_PBIO', 'ALT03_PREG04_PBIO', 'ALT04_PREG04_PBIO', 'ALT05_PREG04_PBIO', 2, '13_BIO'),
('PREG_04_BIO', 2, 'ALT01_PREG04_PBIO', 'ALT02_PREG04_PBIO', 'ALT03_PREG04_PBIO', 'ALT04_PREG04_PBIO', 'ALT05_PREG04_PBIO', 2, '13_BIO'),
('PREG_04_BIO', 3, 'ALT01_PREG04_PBIO', 'ALT02_PREG04_PBIO', 'ALT03_PREG04_PBIO', 'ALT04_PREG04_PBIO', 'ALT05_PREG04_PBIO', 1, '13_BIO'),
('PREG_04_ECO', 1, 'ALT01_PREG04_PECO', 'ALT02_PREG04_PECO', 'ALT03_PREG04_PECO', 'ALT04_PREG04_PECO', 'ALT05_PREG04_PECO', 2, '17_ECO'),
('PREG_04_ECO', 2, 'ALT01_PREG04_PECO', 'ALT02_PREG04_PECO', 'ALT03_PREG04_PECO', 'ALT04_PREG04_PECO', 'ALT05_PREG04_PECO', 1, '17_ECO'),
('PREG_04_ECO', 3, 'ALT01_PREG04_PECO', 'ALT02_PREG04_PECO', 'ALT03_PREG04_PECO', 'ALT04_PREG04_PECO', 'ALT05_PREG04_PECO', 4, '17_ECO'),
('PREG_04_FIS', 1, 'ALT01_PREG04_PFIS', 'ALT02_PREG04_PFIS', 'ALT03_PREG04_PFIS', 'ALT04_PREG04_PFIS', 'ALT05_PREG04_PFIS', 1, '11_FIS'),
('PREG_04_FIS', 2, 'ALT01_PREG04_PFIS', 'ALT02_PREG04_PFIS', 'ALT03_PREG04_PFIS', 'ALT04_PREG04_PFIS', 'ALT05_PREG04_PFIS', 2, '11_FIS'),
('PREG_04_FIS', 3, 'ALT01_PREG04_PFIS', 'ALT02_PREG04_PFIS', 'ALT03_PREG04_PFIS', 'ALT04_PREG04_PFIS', 'ALT05_PREG04_PFIS', 1, '11_FIS'),
('PREG_04_HG', 1, 'ALT01_PREG04_PHG', 'ALT02_PREG04_PHG', 'ALT03_PREG04_PHG', 'ALT04_PREG04_PHG', 'ALT05_PREG04_PHG', 4, '15_HG'),
('PREG_04_HG', 2, 'ALT01_PREG04_PHG', 'ALT02_PREG04_PHG', 'ALT03_PREG04_PHG', 'ALT04_PREG04_PHG', 'ALT05_PREG04_PHG', 1, '15_HG'),
('PREG_04_HG', 3, 'ALT01_PREG04_PHG', 'ALT02_PREG04_PHG', 'ALT03_PREG04_PHG', 'ALT04_PREG04_PHG', 'ALT05_PREG04_PHG', 4, '15_HG'),
('PREG_04_LL', 1, 'ALT01_PREG04_PLL', 'ALT02_PREG04_PLL', 'ALT03_PREG04_PLL', 'ALT04_PREG04_PLL', 'ALT05_PREG04_PLL', 2, '14_LL'),
('PREG_04_LL', 2, 'ALT01_PREG04_PLL', 'ALT02_PREG04_PLL', 'ALT03_PREG04_PLL', 'ALT04_PREG04_PLL', 'ALT05_PREG04_PLL', 2, '14_LL'),
('PREG_04_LL', 3, 'ALT01_PREG04_PLL', 'ALT02_PREG04_PLL', 'ALT03_PREG04_PLL', 'ALT04_PREG04_PLL', 'ALT05_PREG04_PLL', 3, '14_LL'),
('PREG_04_MAT', 1, 'ALT01_PREG04_PMAT', 'ALT02_PREG04_PMAT', 'ALT03_PREG04_PMAT', 'ALT04_PREG04_PMAT', 'ALT05_PREG04_PMAT', 1, '10_MAT'),
('PREG_04_MAT', 2, 'ALT01_PREG04_PMAT', 'ALT02_PREG04_PMAT', 'ALT03_PREG04_PMAT', 'ALT04_PREG04_PMAT', 'ALT05_PREG04_PMAT', 4, '10_MAT'),
('PREG_04_MAT', 3, 'ALT01_PREG04_PMAT', 'ALT02_PREG04_PMAT', 'ALT03_PREG04_PMAT', 'ALT04_PREG04_PMAT', 'ALT05_PREG04_PMAT', 2, '10_MAT'),
('PREG_04_QUIM', 1, 'ALT01_PREG04_PQUIM', 'ALT02_PREG04_PQUIM', 'ALT03_PREG04_PQUIM', 'ALT04_PREG04_PQUIM', 'ALT05_PREG04_PQUIM', 1, '12_QUIM'),
('PREG_04_QUIM', 2, 'ALT01_PREG04_PQUIM', 'ALT02_PREG04_PQUIM', 'ALT03_PREG04_PQUIM', 'ALT04_PREG04_PQUIM', 'ALT05_PREG04_PQUIM', 4, '12_QUIM'),
('PREG_04_QUIM', 3, 'ALT01_PREG04_PQUIM', 'ALT02_PREG04_PQUIM', 'ALT03_PREG04_PQUIM', 'ALT04_PREG04_PQUIM', 'ALT05_PREG04_PQUIM', 2, '12_QUIM'),
('PREG_04_RM_ALG', 1, 'ALT01_PREG04_PALG', 'ALT02_PREG04_PALG', 'ALT03_PREG04_PALG', 'ALT04_PREG04_PALG', 'ALT05_PREG04_PALG', 3, '02_PALG'),
('PREG_04_RM_ALG', 2, 'ALT01_PREG04_PALG', 'ALT02_PREG04_PALG', 'ALT03_PREG04_PALG', 'ALT04_PREG04_PALG', 'ALT05_PREG04_PALG', 1, '02_PALG'),
('PREG_04_RM_ALG', 3, 'ALT01_PREG04_PALG', 'ALT02_PREG04_PALG', 'ALT03_PREG04_PALG', 'ALT04_PREG04_PALG', 'ALT05_PREG04_PALG', 5, '02_PALG'),
('PREG_04_RM_LOG', 1, 'ALT01_PREG04_PLOG', 'ALT02_PREG04_PLOG', 'ALT03_PREG04_PLOG', 'ALT04_PREG04_PLOG', 'ALT05_PREG04_PLOG', 3, '04_PLOG'),
('PREG_04_RM_LOG', 2, 'ALT01_PREG04_PLOG', 'ALT02_PREG04_PLOG', 'ALT03_PREG04_PLOG', 'ALT04_PREG04_PLOG', 'ALT05_PREG04_PLOG', 4, '04_PLOG'),
('PREG_04_RM_LOG', 3, 'ALT01_PREG04_PLOG', 'ALT02_PREG04_PLOG', 'ALT03_PREG04_PLOG', 'ALT04_PREG04_PLOG', 'ALT05_PREG04_PLOG', 3, '04_PLOG'),
('PREG_04_RM_PA', 1, 'ALT01_PREG04_PARI', 'ALT02_PREG04_PARI', 'ALT03_PREG04_PARI', 'ALT04_PREG04_PARI', 'ALT05_PREG04_PARI', 3, '01_PARI'),
('PREG_04_RM_PA', 2, 'ALT01_PREG04_PARI', 'ALT02_PREG04_PARI', 'ALT03_PREG04_PARI', 'ALT04_PREG04_PARI', 'ALT05_PREG04_PARI', 5, '01_PARI'),
('PREG_04_RM_PA', 3, 'ALT01_PREG04_PARI', 'ALT02_PREG04_PARI', 'ALT03_PREG04_PARI', 'ALT04_PREG04_PARI', 'ALT05_PREG04_PARI', 5, '01_PARI'),
('PREG_04_RM_TRI', 1, 'ALT01_PREG04_PTRIG', 'ALT02_PREG04_PTRIG', 'ALT03_PREG04_PTRIG', 'ALT04_PREG04_PTRIG', 'ALT05_PREG04_PTRIG', 1, '03_PTRI'),
('PREG_04_RM_TRI', 2, 'ALT01_PREG04_PTRIG', 'ALT02_PREG04_PTRIG', 'ALT03_PREG04_PTRIG', 'ALT04_PREG04_PTRIG', 'ALT05_PREG04_PTRIG', 4, '03_PTRI'),
('PREG_04_RM_TRI', 3, 'ALT01_PREG04_PTRIG', 'ALT02_PREG04_PTRIG', 'ALT03_PREG04_PTRIG', 'ALT04_PREG04_PTRIG', 'ALT05_PREG04_PTRIG', 1, '03_PTRI'),
('PREG_04_RV_ANAL', 1, 'ALT01_PREG04_PANAL', 'ALT02_PREG04_PANAL', 'ALT03_PREG04_PANAL', 'ALT04_PREG04_PANAL', 'ALT05_PREG04_PANAL', 1, '06_ANAL'),
('PREG_04_RV_ANAL', 2, 'ALT01_PREG04_PANAL', 'ALT02_PREG04_PANAL', 'ALT03_PREG04_PANAL', 'ALT04_PREG04_PANAL', 'ALT05_PREG04_PANAL', 4, '06_ANAL'),
('PREG_04_RV_ANAL', 3, 'ALT01_PREG04_PANAL', 'ALT02_PREG04_PANAL', 'ALT03_PREG04_PANAL', 'ALT04_PREG04_PANAL', 'ALT05_PREG04_PANAL', 2, '06_ANAL'),
('PREG_04_RV_COMP', 1, 'ALT01_PREG04_PCOMP', 'ALT02_PREG04_PCOMP', 'ALT03_PREG04_PCOMP', 'ALT04_PREG04_PCOMP', 'ALT05_PREG04_PCOMP', 1, '07_COMP'),
('PREG_04_RV_COMP', 2, 'ALT01_PREG04_PCOMP', 'ALT02_PREG04_PCOMP', 'ALT03_PREG04_PCOMP', 'ALT04_PREG04_PCOMP', 'ALT05_PREG04_PCOMP', 2, '07_COMP'),
('PREG_04_RV_COMP', 3, 'ALT01_PREG04_PCOMP', 'ALT02_PREG04_PCOMP', 'ALT03_PREG04_PCOMP', 'ALT04_PREG04_PCOMP', 'ALT05_PREG04_PCOMP', 2, '07_COMP'),
('PREG_04_RV_PLAN', 1, 'ALT01_PREG04_PLAN', 'ALT02_PREG04_PLAN', 'ALT03_PREG04_PLAN', 'ALT04_PREG04_PLAN', 'ALT05_PREG04_PLAN', 5, '08_PLAN'),
('PREG_04_RV_PLAN', 2, 'ALT01_PREG04_PLAN', 'ALT02_PREG04_PLAN', 'ALT03_PREG04_PLAN', 'ALT04_PREG04_PLAN', 'ALT05_PREG04_PLAN', 3, '08_PLAN'),
('PREG_04_RV_PLAN', 3, 'ALT01_PREG04_PLAN', 'ALT02_PREG04_PLAN', 'ALT03_PREG04_PLAN', 'ALT04_PREG04_PLAN', 'ALT05_PREG04_PLAN', 3, '08_PLAN'),
('PREG_05_BIO', 1, 'ALT01_PREG05_PBIO', 'ALT02_PREG05_PBIO', 'ALT03_PREG05_PBIO', 'ALT04_PREG05_PBIO', 'ALT05_PREG05_PBIO', 2, '13_BIO'),
('PREG_05_BIO', 2, 'ALT01_PREG05_PBIO', 'ALT02_PREG05_PBIO', 'ALT03_PREG05_PBIO', 'ALT04_PREG05_PBIO', 'ALT05_PREG05_PBIO', 3, '13_BIO'),
('PREG_05_BIO', 3, 'ALT01_PREG05_PBIO', 'ALT02_PREG05_PBIO', 'ALT03_PREG05_PBIO', 'ALT04_PREG05_PBIO', 'ALT05_PREG05_PBIO', 5, '13_BIO'),
('PREG_05_ECO', 1, 'ALT01_PREG05_PECO', 'ALT02_PREG05_PECO', 'ALT03_PREG05_PECO', 'ALT04_PREG05_PECO', 'ALT05_PREG05_PECO', 1, '17_ECO'),
('PREG_05_ECO', 2, 'ALT01_PREG05_PECO', 'ALT02_PREG05_PECO', 'ALT03_PREG05_PECO', 'ALT04_PREG05_PECO', 'ALT05_PREG05_PECO', 2, '17_ECO'),
('PREG_05_ECO', 3, 'ALT01_PREG05_PECO', 'ALT02_PREG05_PECO', 'ALT03_PREG05_PECO', 'ALT04_PREG05_PECO', 'ALT05_PREG05_PECO', 4, '17_ECO'),
('PREG_05_FIS', 1, 'ALT01_PREG05_PFIS', 'ALT02_PREG05_PFIS', 'ALT03_PREG05_PFIS', 'ALT04_PREG05_PFIS', 'ALT05_PREG05_PFIS', 4, '11_FIS'),
('PREG_05_FIS', 2, 'ALT01_PREG05_PFIS', 'ALT02_PREG05_PFIS', 'ALT03_PREG05_PFIS', 'ALT04_PREG05_PFIS', 'ALT05_PREG05_PFIS', 4, '11_FIS'),
('PREG_05_FIS', 3, 'ALT01_PREG05_PFIS', 'ALT02_PREG05_PFIS', 'ALT03_PREG05_PFIS', 'ALT04_PREG05_PFIS', 'ALT05_PREG05_PFIS', 1, '11_FIS'),
('PREG_05_HG', 1, 'ALT01_PREG05_PHG', 'ALT02_PREG05_PHG', 'ALT03_PREG05_PHG', 'ALT04_PREG05_PHG', 'ALT05_PREG05_PHG', 4, '15_HG'),
('PREG_05_HG', 2, 'ALT01_PREG05_PHG', 'ALT02_PREG05_PHG', 'ALT03_PREG05_PHG', 'ALT04_PREG05_PHG', 'ALT05_PREG05_PHG', 4, '15_HG'),
('PREG_05_HG', 3, 'ALT01_PREG05_PHG', 'ALT02_PREG05_PHG', 'ALT03_PREG05_PHG', 'ALT04_PREG05_PHG', 'ALT05_PREG05_PHG', 4, '15_HG'),
('PREG_05_LL', 1, 'ALT01_PREG05_PLL', 'ALT02_PREG05_PLL', 'ALT03_PREG05_PLL', 'ALT04_PREG05_PLL', 'ALT05_PREG05_PLL', 2, '14_LL'),
('PREG_05_LL', 2, 'ALT01_PREG05_PLL', 'ALT02_PREG05_PLL', 'ALT03_PREG05_PLL', 'ALT04_PREG05_PLL', 'ALT05_PREG05_PLL', 5, '14_LL'),
('PREG_05_LL', 3, 'ALT01_PREG05_PLL', 'ALT02_PREG05_PLL', 'ALT03_PREG05_PLL', 'ALT04_PREG05_PLL', 'ALT05_PREG05_PLL', 4, '14_LL'),
('PREG_05_MAT', 1, 'ALT01_PREG05_PMAT', 'ALT02_PREG05_PMAT', 'ALT03_PREG05_PMAT', 'ALT04_PREG05_PMAT', 'ALT05_PREG05_PMAT', 2, '10_MAT'),
('PREG_05_MAT', 2, 'ALT01_PREG05_PMAT', 'ALT02_PREG05_PMAT', 'ALT03_PREG05_PMAT', 'ALT04_PREG05_PMAT', 'ALT05_PREG05_PMAT', 1, '10_MAT'),
('PREG_05_MAT', 3, 'ALT01_PREG05_PMAT', 'ALT02_PREG05_PMAT', 'ALT03_PREG05_PMAT', 'ALT04_PREG05_PMAT', 'ALT05_PREG05_PMAT', 5, '10_MAT'),
('PREG_05_QUIM', 1, 'ALT01_PREG05_PQUIM', 'ALT02_PREG05_PQUIM', 'ALT03_PREG05_PQUIM', 'ALT04_PREG05_PQUIM', 'ALT05_PREG05_PQUIM', 1, '12_QUIM'),
('PREG_05_QUIM', 2, 'ALT01_PREG05_PQUIM', 'ALT02_PREG05_PQUIM', 'ALT03_PREG05_PQUIM', 'ALT04_PREG05_PQUIM', 'ALT05_PREG05_PQUIM', 4, '12_QUIM'),
('PREG_05_QUIM', 3, 'ALT01_PREG05_PQUIM', 'ALT02_PREG05_PQUIM', 'ALT03_PREG05_PQUIM', 'ALT04_PREG05_PQUIM', 'ALT05_PREG05_PQUIM', 5, '12_QUIM'),
('PREG_05_RM_ALG', 1, 'ALT01_PREG05_PALG', 'ALT02_PREG05_PALG', 'ALT03_PREG05_PALG', 'ALT04_PREG05_PALG', 'ALT05_PREG05_PALG', 2, '02_PALG'),
('PREG_05_RM_ALG', 2, 'ALT01_PREG05_PALG', 'ALT02_PREG05_PALG', 'ALT03_PREG05_PALG', 'ALT04_PREG05_PALG', 'ALT05_PREG05_PALG', 5, '02_PALG'),
('PREG_05_RM_ALG', 3, 'ALT01_PREG05_PALG', 'ALT02_PREG05_PALG', 'ALT03_PREG05_PALG', 'ALT04_PREG05_PALG', 'ALT05_PREG05_PALG', 1, '02_PALG'),
('PREG_05_RM_PA', 1, 'ALT01_PREG05_PARI', 'ALT02_PREG05_PARI', 'ALT03_PREG05_PARI', 'ALT04_PREG05_PARI', 'ALT05_PREG05_PARI', 2, '01_PARI'),
('PREG_05_RM_PA', 2, 'ALT01_PREG05_PARI', 'ALT02_PREG05_PARI', 'ALT03_PREG05_PARI', 'ALT04_PREG05_PARI', 'ALT05_PREG05_PARI', 4, '01_PARI'),
('PREG_05_RM_PA', 3, 'ALT01_PREG05_PARI', 'ALT02_PREG05_PARI', 'ALT03_PREG05_PARI', 'ALT04_PREG05_PARI', 'ALT05_PREG05_PARI', 2, '01_PARI'),
('PREG_05_RM_TRI', 1, 'ALT01_PREG05_PTRIG', 'ALT02_PREG05_PTRIG', 'ALT03_PREG05_PTRIG', 'ALT04_PREG05_PTRIG', 'ALT05_PREG05_PTRIG', 3, '03_PTRI'),
('PREG_05_RM_TRI', 2, 'ALT01_PREG05_PTRIG', 'ALT02_PREG05_PTRIG', 'ALT03_PREG05_PTRIG', 'ALT04_PREG05_PTRIG', 'ALT05_PREG05_PTRIG', 3, '03_PTRI'),
('PREG_05_RM_TRI', 3, 'ALT01_PREG05_PTRIG', 'ALT02_PREG05_PTRIG', 'ALT03_PREG05_PTRIG', 'ALT04_PREG05_PTRIG', 'ALT05_PREG05_PTRIG', 4, '03_PTRI'),
('PREG_05_RV_COMP', 1, 'ALT01_PREG05_PCOMP', 'ALT02_PREG05_PCOMP', 'ALT03_PREG05_PCOMP', 'ALT04_PREG05_PCOMP', 'ALT05_PREG05_PCOMP', 4, '07_COMP'),
('PREG_05_RV_COMP', 2, 'ALT01_PREG05_PCOMP', 'ALT02_PREG05_PCOMP', 'ALT03_PREG05_PCOMP', 'ALT04_PREG05_PCOMP', 'ALT05_PREG05_PCOMP', 3, '07_COMP'),
('PREG_05_RV_COMP', 3, 'ALT01_PREG05_PCOMP', 'ALT02_PREG05_PCOMP', 'ALT03_PREG05_PCOMP', 'ALT04_PREG05_PCOMP', 'ALT05_PREG05_PCOMP', 3, '07_COMP'),
('PREG_05_RV_PLAN', 1, 'ALT01_PREG05_PLAN', 'ALT02_PREG05_PLAN', 'ALT03_PREG05_PLAN', 'ALT04_PREG05_PLAN', 'ALT05_PREG05_PLAN', 4, '08_PLAN'),
('PREG_05_RV_PLAN', 2, 'ALT01_PREG05_PLAN', 'ALT02_PREG05_PLAN', 'ALT03_PREG05_PLAN', 'ALT04_PREG05_PLAN', 'ALT05_PREG05_PLAN', 1, '08_PLAN'),
('PREG_05_RV_PLAN', 3, 'ALT01_PREG05_PLAN', 'ALT02_PREG05_PLAN', 'ALT03_PREG05_PLAN', 'ALT04_PREG05_PLAN', 'ALT05_PREG05_PLAN', 5, '08_PLAN'),
('PREG_06_BIO', 1, 'ALT01_PREG06_PBIO', 'ALT02_PREG06_PBIO', 'ALT03_PREG06_PBIO', 'ALT04_PREG06_PBIO', 'ALT05_PREG06_PBIO', 2, '13_BIO'),
('PREG_06_BIO', 2, 'ALT01_PREG06_PBIO', 'ALT02_PREG06_PBIO', 'ALT03_PREG06_PBIO', 'ALT04_PREG06_PBIO', 'ALT05_PREG06_PBIO', 1, '13_BIO'),
('PREG_06_BIO', 3, 'ALT01_PREG06_PBIO', 'ALT02_PREG06_PBIO', 'ALT03_PREG06_PBIO', 'ALT04_PREG06_PBIO', 'ALT05_PREG06_PBIO', 2, '13_BIO'),
('PREG_06_FIS', 1, 'ALT01_PREG06_PFIS', 'ALT02_PREG06_PFIS', 'ALT03_PREG06_PFIS', 'ALT04_PREG06_PFIS', 'ALT05_PREG06_PFIS', 4, '11_FIS'),
('PREG_06_FIS', 2, 'ALT01_PREG06_PFIS', 'ALT02_PREG06_PFIS', 'ALT03_PREG06_PFIS', 'ALT04_PREG06_PFIS', 'ALT05_PREG06_PFIS', 5, '11_FIS'),
('PREG_06_FIS', 3, 'ALT01_PREG06_PFIS', 'ALT02_PREG06_PFIS', 'ALT03_PREG06_PFIS', 'ALT04_PREG06_PFIS', 'ALT05_PREG06_PFIS', 1, '11_FIS'),
('PREG_06_HG', 1, 'ALT01_PREG06_PHG', 'ALT02_PREG06_PHG', 'ALT03_PREG06_PHG', 'ALT04_PREG06_PHG', 'ALT05_PREG06_PHG', 5, '15_HG'),
('PREG_06_HG', 2, 'ALT01_PREG06_PHG', 'ALT02_PREG06_PHG', 'ALT03_PREG06_PHG', 'ALT04_PREG06_PHG', 'ALT05_PREG06_PHG', 3, '15_HG'),
('PREG_06_HG', 3, 'ALT01_PREG06_PHG', 'ALT02_PREG06_PHG', 'ALT03_PREG06_PHG', 'ALT04_PREG06_PHG', 'ALT05_PREG06_PHG', 4, '15_HG'),
('PREG_06_MAT', 1, 'ALT01_PREG06_PMAT', 'ALT02_PREG06_PMAT', 'ALT03_PREG06_PMAT', 'ALT04_PREG06_PMAT', 'ALT05_PREG06_PMAT', 4, '10_MAT'),
('PREG_06_MAT', 2, 'ALT01_PREG06_PMAT', 'ALT02_PREG06_PMAT', 'ALT03_PREG06_PMAT', 'ALT04_PREG06_PMAT', 'ALT05_PREG06_PMAT', 5, '10_MAT'),
('PREG_06_MAT', 3, 'ALT01_PREG06_PMAT', 'ALT02_PREG06_PMAT', 'ALT03_PREG06_PMAT', 'ALT04_PREG06_PMAT', 'ALT05_PREG06_PMAT', 5, '10_MAT'),
('PREG_06_QUIM', 1, 'ALT01_PREG06_PQUIM', 'ALT02_PREG06_PQUIM', 'ALT03_PREG06_PQUIM', 'ALT04_PREG06_PQUIM', 'ALT05_PREG06_PQUIM', 3, '12_QUIM'),
('PREG_06_QUIM', 2, 'ALT01_PREG06_PQUIM', 'ALT02_PREG06_PQUIM', 'ALT03_PREG06_PQUIM', 'ALT04_PREG06_PQUIM', 'ALT05_PREG06_PQUIM', 1, '12_QUIM'),
('PREG_06_QUIM', 3, 'ALT01_PREG06_PQUIM', 'ALT02_PREG06_PQUIM', 'ALT03_PREG06_PQUIM', 'ALT04_PREG06_PQUIM', 'ALT05_PREG06_PQUIM', 4, '12_QUIM'),
('PREG_06_RM_ALG', 1, 'ALT01_PREG06_PALG', 'ALT02_PREG06_PALG', 'ALT03_PREG06_PALG', 'ALT04_PREG06_PALG', 'ALT05_PREG06_PALG', 1, '02_PALG'),
('PREG_06_RM_ALG', 2, 'ALT01_PREG06_PALG', 'ALT02_PREG06_PALG', 'ALT03_PREG06_PALG', 'ALT04_PREG06_PALG', 'ALT05_PREG06_PALG', 1, '02_PALG'),
('PREG_06_RM_ALG', 3, 'ALT01_PREG06_PALG', 'ALT02_PREG06_PALG', 'ALT03_PREG06_PALG', 'ALT04_PREG06_PALG', 'ALT05_PREG06_PALG', 5, '02_PALG'),
('PREG_06_RM_PA', 1, 'ALT01_PREG06_PARI', 'ALT02_PREG06_PARI', 'ALT03_PREG06_PARI', 'ALT04_PREG06_PARI', 'ALT05_PREG06_PARI', 2, '01_PARI'),
('PREG_06_RM_PA', 2, 'ALT01_PREG06_PARI', 'ALT02_PREG06_PARI', 'ALT03_PREG06_PARI', 'ALT04_PREG06_PARI', 'ALT05_PREG06_PARI', 4, '01_PARI'),
('PREG_06_RM_PA', 3, 'ALT01_PREG06_PARI', 'ALT02_PREG06_PARI', 'ALT03_PREG06_PARI', 'ALT04_PREG06_PARI', 'ALT05_PREG06_PARI', 1, '01_PARI'),
('PREG_06_RM_TRI', 1, 'ALT01_PREG06_PTRIG', 'ALT02_PREG06_PTRIG', 'ALT03_PREG06_PTRIG', 'ALT04_PREG06_PTRIG', 'ALT05_PREG06_PTRIG', 1, '03_PTRI'),
('PREG_06_RM_TRI', 2, 'ALT01_PREG06_PTRIG', 'ALT02_PREG06_PTRIG', 'ALT03_PREG06_PTRIG', 'ALT04_PREG06_PTRIG', 'ALT05_PREG06_PTRIG', 2, '03_PTRI'),
('PREG_06_RM_TRI', 3, 'ALT01_PREG06_PTRIG', 'ALT02_PREG06_PTRIG', 'ALT03_PREG06_PTRIG', 'ALT04_PREG06_PTRIG', 'ALT05_PREG06_PTRIG', 4, '03_PTRI'),
('PREG_06_RV_COMP', 1, 'ALT01_PREG06_PCOMP', 'ALT02_PREG06_PCOMP', 'ALT03_PREG06_PCOMP', 'ALT04_PREG06_PCOMP', 'ALT05_PREG06_PCOMP', 4, '07_COMP'),
('PREG_06_RV_COMP', 2, 'ALT01_PREG06_PCOMP', 'ALT02_PREG06_PCOMP', 'ALT03_PREG06_PCOMP', 'ALT04_PREG06_PCOMP', 'ALT05_PREG06_PCOMP', 2, '07_COMP'),
('PREG_06_RV_COMP', 3, 'ALT01_PREG06_PCOMP', 'ALT02_PREG06_PCOMP', 'ALT03_PREG06_PCOMP', 'ALT04_PREG06_PCOMP', 'ALT05_PREG06_PCOMP', 4, '07_COMP'),
('PREG_06_RV_PLAN', 1, 'ALT01_PREG06_PLAN', 'ALT02_PREG06_PLAN', 'ALT03_PREG06_PLAN', 'ALT04_PREG06_PLAN', 'ALT05_PREG06_PLAN', 1, '08_PLAN'),
('PREG_06_RV_PLAN', 2, 'ALT01_PREG06_PLAN', 'ALT02_PREG06_PLAN', 'ALT03_PREG06_PLAN', 'ALT04_PREG06_PLAN', 'ALT05_PREG06_PLAN', 2, '08_PLAN'),
('PREG_06_RV_PLAN', 3, 'ALT01_PREG06_PLAN', 'ALT02_PREG06_PLAN', 'ALT03_PREG06_PLAN', 'ALT04_PREG06_PLAN', 'ALT05_PREG06_PLAN', 3, '08_PLAN'),
('PREG_07_BIO', 1, 'ALT01_PREG07_PBIO', 'ALT02_PREG07_PBIO', 'ALT03_PREG07_PBIO', 'ALT04_PREG07_PBIO', 'ALT05_PREG07_PBIO', 3, '13_BIO'),
('PREG_07_BIO', 2, 'ALT01_PREG07_PBIO', 'ALT02_PREG07_PBIO', 'ALT03_PREG07_PBIO', 'ALT04_PREG07_PBIO', 'ALT05_PREG07_PBIO', 4, '13_BIO'),
('PREG_07_BIO', 3, 'ALT01_PREG07_PBIO', 'ALT02_PREG07_PBIO', 'ALT03_PREG07_PBIO', 'ALT04_PREG07_PBIO', 'ALT05_PREG07_PBIO', 1, '13_BIO'),
('PREG_07_FIS', 1, 'ALT01_PREG07_PFIS', 'ALT02_PREG07_PFIS', 'ALT03_PREG07_PFIS', 'ALT04_PREG07_PFIS', 'ALT05_PREG07_PFIS', 4, '11_FIS'),
('PREG_07_FIS', 2, 'ALT01_PREG07_PFIS', 'ALT02_PREG07_PFIS', 'ALT03_PREG07_PFIS', 'ALT04_PREG07_PFIS', 'ALT05_PREG07_PFIS', 1, '11_FIS'),
('PREG_07_FIS', 3, 'ALT01_PREG07_PFIS', 'ALT02_PREG07_PFIS', 'ALT03_PREG07_PFIS', 'ALT04_PREG07_PFIS', 'ALT05_PREG07_PFIS', 4, '11_FIS'),
('PREG_07_MAT', 1, 'ALT01_PREG07_PMAT', 'ALT02_PREG07_PMAT', 'ALT03_PREG07_PMAT', 'ALT04_PREG07_PMAT', 'ALT05_PREG07_PMAT', 3, '10_MAT'),
('PREG_07_MAT', 2, 'ALT01_PREG07_PMAT', 'ALT02_PREG07_PMAT', 'ALT03_PREG07_PMAT', 'ALT04_PREG07_PMAT', 'ALT05_PREG07_PMAT', 1, '10_MAT'),
('PREG_07_MAT', 3, 'ALT01_PREG07_PMAT', 'ALT02_PREG07_PMAT', 'ALT03_PREG07_PMAT', 'ALT04_PREG07_PMAT', 'ALT05_PREG07_PMAT', 1, '10_MAT'),
('PREG_07_QUIM', 1, 'ALT01_PREG07_PQUIM', 'ALT02_PREG07_PQUIM', 'ALT03_PREG07_PQUIM', 'ALT04_PREG07_PQUIM', 'ALT05_PREG07_PQUIM', 1, '12_QUIM'),
('PREG_07_QUIM', 2, 'ALT01_PREG07_PQUIM', 'ALT02_PREG07_PQUIM', 'ALT03_PREG07_PQUIM', 'ALT04_PREG07_PQUIM', 'ALT05_PREG07_PQUIM', 2, '12_QUIM'),
('PREG_07_QUIM', 3, 'ALT01_PREG07_PQUIM', 'ALT02_PREG07_PQUIM', 'ALT03_PREG07_PQUIM', 'ALT04_PREG07_PQUIM', 'ALT05_PREG07_PQUIM', 2, '12_QUIM'),
('PREG_07_RV_COMP', 1, 'ALT01_PREG07_PCOMP', 'ALT02_PREG07_PCOMP', 'ALT03_PREG07_PCOMP', 'ALT04_PREG07_PCOMP', 'ALT05_PREG07_PCOMP', 1, '07_COMP'),
('PREG_07_RV_COMP', 2, 'ALT01_PREG07_PCOMP', 'ALT02_PREG07_PCOMP', 'ALT03_PREG07_PCOMP', 'ALT04_PREG07_PCOMP', 'ALT05_PREG07_PCOMP', 4, '07_COMP'),
('PREG_07_RV_COMP', 3, 'ALT01_PREG07_PCOMP', 'ALT02_PREG07_PCOMP', 'ALT03_PREG07_PCOMP', 'ALT04_PREG07_PCOMP', 'ALT05_PREG07_PCOMP', 1, '07_COMP'),
('PREG_08_FIS', 1, 'ALT01_PREG08_PFIS', 'ALT02_PREG08_PFIS', 'ALT03_PREG08_PFIS', 'ALT04_PREG08_PFIS', 'ALT05_PREG08_PFIS', 4, '11_FIS'),
('PREG_08_FIS', 2, 'ALT01_PREG08_PFIS', 'ALT02_PREG08_PFIS', 'ALT03_PREG08_PFIS', 'ALT04_PREG08_PFIS', 'ALT05_PREG08_PFIS', 3, '11_FIS'),
('PREG_08_FIS', 3, 'ALT01_PREG08_PFIS', 'ALT02_PREG08_PFIS', 'ALT03_PREG08_PFIS', 'ALT04_PREG08_PFIS', 'ALT05_PREG08_PFIS', 3, '11_FIS'),
('PREG_08_MAT', 1, 'ALT01_PREG08_PMAT', 'ALT02_PREG08_PMAT', 'ALT03_PREG08_PMAT', 'ALT04_PREG08_PMAT', 'ALT05_PREG08_PMAT', 3, '10_MAT'),
('PREG_08_MAT', 2, 'ALT01_PREG08_PMAT', 'ALT02_PREG08_PMAT', 'ALT03_PREG08_PMAT', 'ALT04_PREG08_PMAT', 'ALT05_PREG08_PMAT', 5, '10_MAT'),
('PREG_08_MAT', 3, 'ALT01_PREG08_PMAT', 'ALT02_PREG08_PMAT', 'ALT03_PREG08_PMAT', 'ALT04_PREG08_PMAT', 'ALT05_PREG08_PMAT', 5, '10_MAT'),
('PREG_09_MAT', 1, 'ALT01_PREG09_PMAT', 'ALT02_PREG09_PMAT', 'ALT03_PREG09_PMAT', 'ALT04_PREG09_PMAT', 'ALT05_PREG09_PMAT', 5, '10_MAT'),
('PREG_09_MAT', 2, 'ALT01_PREG09_PMAT', 'ALT02_PREG09_PMAT', 'ALT03_PREG09_PMAT', 'ALT04_PREG09_PMAT', 'ALT05_PREG09_PMAT', 3, '10_MAT'),
('PREG_09_MAT', 3, 'ALT01_PREG09_PMAT', 'ALT02_PREG09_PMAT', 'ALT03_PREG09_PMAT', 'ALT04_PREG09_PMAT', 'ALT05_PREG09_PMAT', 1, '10_MAT'),
('PREG_10_MAT', 1, 'ALT01_PREG10_PMAT', 'ALT02_PREG10_PMAT', 'ALT03_PREG10_PMAT', 'ALT04_PREG10_PMAT', 'ALT05_PREG10_PMAT', 3, '10_MAT'),
('PREG_10_MAT', 2, 'ALT01_PREG10_PMAT', 'ALT02_PREG10_PMAT', 'ALT03_PREG10_PMAT', 'ALT04_PREG10_PMAT', 'ALT05_PREG10_PMAT', 1, '10_MAT'),
('PREG_10_MAT', 3, 'ALT01_PREG10_PMAT', 'ALT02_PREG10_PMAT', 'ALT03_PREG10_PMAT', 'ALT04_PREG10_PMAT', 'ALT05_PREG10_PMAT', 5, '10_MAT'),
('PREG_11_MAT', 1, 'ALT01_PREG11_PMAT', 'ALT02_PREG11_PMAT', 'ALT03_PREG11_PMAT', 'ALT04_PREG11_PMAT', 'ALT05_PREG11_PMAT', 1, '10_MAT'),
('PREG_11_MAT', 2, 'ALT01_PREG11_PMAT', 'ALT02_PREG11_PMAT', 'ALT03_PREG11_PMAT', 'ALT04_PREG11_PMAT', 'ALT05_PREG11_PMAT', 3, '10_MAT'),
('PREG_11_MAT', 3, 'ALT01_PREG11_PMAT', 'ALT02_PREG11_PMAT', 'ALT03_PREG11_PMAT', 'ALT04_PREG11_PMAT', 'ALT05_PREG11_PMAT', 5, '10_MAT'),
('PREG_12_MAT', 1, 'ALT01_PREG12_PMAT', 'ALT02_PREG12_PMAT', 'ALT03_PREG12_PMAT', 'ALT04_PREG12_PMAT', 'ALT05_PREG12_PMAT', 3, '10_MAT'),
('PREG_12_MAT', 2, 'ALT01_PREG12_PMAT', 'ALT02_PREG12_PMAT', 'ALT03_PREG12_PMAT', 'ALT04_PREG12_PMAT', 'ALT05_PREG12_PMAT', 2, '10_MAT'),
('PREG_12_MAT', 3, 'ALT01_PREG12_PMAT', 'ALT02_PREG12_PMAT', 'ALT03_PREG12_PMAT', 'ALT04_PREG12_PMAT', 'ALT05_PREG12_PMAT', 3, '10_MAT');

-- --------------------------------------------------------

--
-- Estructura de tabla para la tabla `alternativa_detalle`
--

CREATE TABLE `alternativa_detalle` (
  `id_pregunta` varchar(20) NOT NULL,
  `id_alternativa` varchar(5) NOT NULL,
  `nombre` varchar(150) NOT NULL
) ENGINE=InnoDB DEFAULT CHARSET=latin1;

--
-- Volcado de datos para la tabla `alternativa_detalle`
--

INSERT INTO `alternativa_detalle` (`id_pregunta`, `id_alternativa`, `nombre`) VALUES
('PREG_01_RM_PA', '1', 'ALT01_PREG01_PARI'),
('PREG_01_RM_PA', '2', 'ALT02_PREG01_PARI'),
('PREG_01_RM_PA', '3', 'ALT03_PREG01_PARI'),
('PREG_01_RM_PA', '4', 'ALT04_PREG01_PARI'),
('PREG_01_RM_PA', '5', 'ALT05_PREG01_PARI'),
('PREG_02_RM_PA', '1', 'ALT01_PREG02_PARI'),
('PREG_02_RM_PA', '2', 'ALT04_PREG02_PARI'),
('PREG_02_RM_PA', '3', 'ALT05_PREG02_PARI'),
('PREG_02_RM_PA', '4', 'ALT02_PREG02_PARI'),
('PREG_02_RM_PA', '5', 'ALT03_PREG02_PARI');

-- --------------------------------------------------------

--
-- Estructura de tabla para la tabla `alumno`
--

CREATE TABLE `alumno` (
  `id` int(11) NOT NULL,
  `dni` int(11) NOT NULL,
  `nombre` varchar(50) NOT NULL,
  `apellido` varchar(50) NOT NULL,
  `nro_recibo` varchar(8) NOT NULL,
  `correo` varchar(50) NOT NULL,
  `cant_examenes` int(1) NOT NULL,
  `foto` varchar(100) NOT NULL,
  `password` varchar(20) NOT NULL
) ENGINE=InnoDB DEFAULT CHARSET=latin1;

--
-- Volcado de datos para la tabla `alumno`
--

INSERT INTO `alumno` (`id`, `dni`, `nombre`, `apellido`, `nro_recibo`, `correo`, `cant_examenes`, `foto`, `password`) VALUES
(1, 71395320, 'Steve James Foncy', 'Arias Arias ', '123', 'prueba2@hotmail.com', 0, 'fotos/steve james foncy/profile.jpg', '123');

-- --------------------------------------------------------

--
-- Estructura de tabla para la tabla `alumno_examen`
--

CREATE TABLE `alumno_examen` (
  `id` int(5) NOT NULL,
  `alumno_id` int(11) NOT NULL,
  `examen_id` int(2) NOT NULL,
  `nota_final` float NOT NULL,
  `correctas` int(3) NOT NULL,
  `incorrectas` int(3) NOT NULL,
  `blanco` int(3) NOT NULL,
  `fecha` datetime NOT NULL
) ENGINE=InnoDB DEFAULT CHARSET=latin1;

--
-- Volcado de datos para la tabla `alumno_examen`
--

INSERT INTO `alumno_examen` (`id`, `alumno_id`, `examen_id`, `nota_final`, `correctas`, `incorrectas`, `blanco`, `fecha`) VALUES
(30, 1, 1, 0.175, 2, 6, 2, '2017-05-19 14:44:31'),
(31, 1, 6, 2.175, 3, 4, 3, '2017-05-19 14:46:00'),
(32, 1, 12, 5.3, 6, 2, 2, '2017-05-19 16:05:34'),
(33, 1, 3, 0, 0, 0, 0, '2017-05-19 16:44:43'),
(34, 1, 3, 0, 0, 0, 0, '2017-05-19 17:55:00'),
(35, 1, 6, 4.175, 4, 4, 2, '2017-05-19 17:55:29'),
(36, 1, 1, 0, 0, 0, 0, '2017-05-19 17:58:18');

-- --------------------------------------------------------

--
-- Estructura de tabla para la tabla `bloque`
--

CREATE TABLE `bloque` (
  `id` int(2) NOT NULL,
  `nombre` varchar(30) NOT NULL
) ENGINE=InnoDB DEFAULT CHARSET=latin1;

--
-- Volcado de datos para la tabla `bloque`
--

INSERT INTO `bloque` (`id`, `nombre`) VALUES
(1, 'Ciencias e Ingenierias '),
(2, 'Ciencias Empresariales'),
(3, 'Ciencias de la Salud');

-- --------------------------------------------------------

--
-- Estructura de tabla para la tabla `calificacion`
--

CREATE TABLE `calificacion` (
  `id_examen_post` varchar(5) NOT NULL,
  `id_preg` int(2) NOT NULL,
  `peso` float NOT NULL,
  `opcion_elegida` varchar(4) NOT NULL,
  `respuesta` varchar(2) NOT NULL,
  `calificacion` float NOT NULL
) ENGINE=InnoDB DEFAULT CHARSET=latin1;

--
-- Volcado de datos para la tabla `calificacion`
--

INSERT INTO `calificacion` (`id_examen_post`, `id_preg`, `peso`, `opcion_elegida`, `respuesta`, `calificacion`) VALUES
('30', 1, 1, '1', '5', -0.25),
('30', 2, 1, '-1', '3', 0),
('30', 3, 0.5, '1', '2', -0.125),
('30', 4, 2.5, '2', '3', -0.625),
('30', 5, 1, '2', '2', 1),
('30', 6, 1, '2', '2', 1),
('30', 7, 0.7, '3', '4', -0.175),
('30', 8, 1, '-1', '5', 0),
('30', 9, 1.6, '1', '2', -0.4),
('30', 10, 1, '4', '3', -0.25),
('31', 1, 1, '2', '5', -0.25),
('31', 2, 1, '1', '3', -0.25),
('31', 3, 0.5, '2', '2', 0.5),
('31', 4, 2.5, '-1', '3', 0),
('31', 5, 1, '2', '2', 1),
('31', 6, 1, '-1', '2', 0),
('31', 7, 0.7, '1', '4', -0.175),
('31', 8, 1, '-1', '5', 0),
('31', 9, 1.6, '2', '2', 1.6),
('31', 10, 1, '5', '3', -0.25),
('32', 1, 1, '2', '5', -0.25),
('32', 2, 1, '3', '3', 1),
('32', 3, 0.5, '2', '2', 0.5),
('32', 4, 2.5, '-1', '3', 0),
('32', 5, 1, '2', '2', 1),
('32', 6, 1, '2', '2', 1),
('32', 7, 0.7, '4', '4', 0.7),
('32', 8, 1, '-1', '5', 0),
('32', 9, 1.6, '2', '2', 1.6),
('32', 10, 1, '5', '3', -0.25),
('35', 1, 1, '1', '5', -0.25),
('35', 2, 1, '-1', '3', 0),
('35', 3, 0.5, '1', '2', -0.125),
('35', 4, 2.5, '3', '3', 2.5),
('35', 5, 1, '-1', '2', 0),
('35', 6, 1, '2', '2', 1),
('35', 7, 0.7, '4', '4', 0.7),
('35', 8, 1, '3', '5', -0.25),
('35', 9, 1.6, '1', '2', -0.4),
('35', 10, 1, '3', '3', 1);

-- --------------------------------------------------------

--
-- Estructura de tabla para la tabla `carrera`
--

CREATE TABLE `carrera` (
  `codigo` int(2) NOT NULL,
  `nombre` varchar(60) NOT NULL,
  `bloque_id` int(11) NOT NULL
) ENGINE=InnoDB DEFAULT CHARSET=latin1;

--
-- Volcado de datos para la tabla `carrera`
--

INSERT INTO `carrera` (`codigo`, `nombre`, `bloque_id`) VALUES
(1, 'Administracion', 2),
(11, 'Contabilidad', 2),
(21, 'Economia', 2),
(31, 'Ingenieria Electr贸nica', 1),
(32, 'Ingenieria Electronica', 1),
(41, 'Ingenieria de Alimentos', 1),
(42, 'Ingenieria Pesquera', 1),
(51, 'ingenieria Industrial', 1),
(52, 'Ingenieria de Sistemas', 1),
(61, 'Ingenieria Quimica', 1),
(71, 'Ingenieria Mecanica', 1),
(72, 'Ingenieria en Energia', 1),
(81, 'Enfermeria', 3),
(82, 'Educacion Fisica', 3),
(91, 'Fisica', 1),
(92, 'Matematica', 1),
(95, 'Ingenieria Ambiental y de Recursos Naturales', 1);

-- --------------------------------------------------------

--
-- Estructura de tabla para la tabla `curso`
--

CREATE TABLE `curso` (
  `id` int(2) NOT NULL,
  `nombre` varchar(60) NOT NULL,
  `seccion` int(2) NOT NULL,
  `cant_preguntas` int(2) NOT NULL,
  `bloque_id` int(11) NOT NULL
) ENGINE=InnoDB DEFAULT CHARSET=latin1;

--
-- Volcado de datos para la tabla `curso`
--

INSERT INTO `curso` (`id`, `nombre`, `seccion`, `cant_preguntas`, `bloque_id`) VALUES
(1, 'Razonamiento Matematico', 1, 22, 1),
(1, 'Razonamiento Matematico', 1, 22, 2),
(1, 'Razonamiento Matematico', 1, 22, 3),
(2, 'Razonamiento Verbal', 1, 23, 1),
(2, 'Razonamiento Verbal', 1, 23, 2),
(2, 'Razonamiento Verbal', 1, 23, 3),
(3, 'Matematica', 2, 12, 1),
(3, 'Matematica', 2, 12, 2),
(3, 'Matematica', 2, 12, 3),
(4, 'Fisica', 2, 8, 1),
(4, 'Fisica', 2, 8, 2),
(4, 'Fisica', 2, 8, 3),
(5, 'Qu铆mica', 2, 7, 1),
(5, 'Quimica', 2, 7, 2),
(5, 'Quimica', 2, 7, 3),
(6, 'Biologia', 2, 7, 1),
(6, 'Biologia', 2, 7, 2),
(6, 'Biologia', 2, 7, 3),
(7, 'Lenguaje y Literatura', 2, 5, 1),
(7, 'Lenguaje y Literatura', 2, 5, 2),
(7, 'Lenguaje y Literatura', 2, 5, 3),
(8, 'Historia y Geograf铆a', 2, 6, 1),
(8, 'Historia y Geografia', 2, 6, 2),
(8, 'Historia y Geografia', 2, 6, 3),
(9, 'Psicolog铆a, Filosof铆a y L贸gica', 2, 3, 1),
(9, 'Psicologia, Filosofia y Logica', 2, 3, 2),
(9, 'Psicologia, Filosofia y Logica', 2, 3, 3),
(10, 'Econom铆a', 2, 5, 1),
(10, 'Economia', 2, 5, 2),
(10, 'Economia', 2, 5, 3),
(11, 'Educaci贸n Civica', 2, 2, 1),
(11, 'Educacion Civica', 2, 2, 2),
(11, 'Educacion Civica', 2, 2, 3);

-- --------------------------------------------------------

--
-- Estructura de tabla para la tabla `curso_dividido`
--

CREATE TABLE `curso_dividido` (
  `id` varchar(7) NOT NULL,
  `nombre` varchar(40) NOT NULL,
  `bloque_id` int(11) NOT NULL,
  `curso_id` int(2) NOT NULL
) ENGINE=InnoDB DEFAULT CHARSET=latin1;

--
-- Volcado de datos para la tabla `curso_dividido`
--

INSERT INTO `curso_dividido` (`id`, `nombre`, `bloque_id`, `curso_id`) VALUES
('01_PARI', 'Problemas Aritmeticos', 1, 1),
('01_PARI', 'Problemas Aritmeticos', 2, 1),
('01_PARI', 'Problemas Aritmeticos', 3, 1),
('02_PALG', 'Problemas algebraicos', 1, 1),
('02_PALG', 'Problemas algebraicos', 2, 1),
('02_PALG', 'Problemas algebraicos', 3, 1),
('03_PTRI', 'Problemas Geometricos y Trigonometricos', 1, 1),
('03_PTRI', 'Problemas Geometricos y Trigonometricos', 2, 1),
('03_PTRI', 'Problemas Geometricos y Trigonometricos', 3, 1),
('04_PLOG', 'Problemas Logico-matematico', 1, 1),
('04_PLOG', 'Problemas Logico-matematico', 2, 1),
('04_PLOG', 'Problemas Logico-matematico', 3, 1),
('05_ORAC', 'Oraciones Incompletas', 1, 2),
('05_ORAC', 'Oraciones Incompletas', 2, 2),
('05_ORAC', 'Oraciones Incompletas', 3, 2),
('06_ANAL', 'Analogias', 1, 2),
('06_ANAL', 'Analogias', 2, 2),
('06_ANAL', 'Analogias', 3, 2),
('07_COMP', 'Comprension de Lectura', 1, 2),
('07_COMP', 'Comprension de Lectura', 2, 2),
('07_COMP', 'Comprension de Lectura', 3, 2),
('08_PLAN', 'Plan de Redaccion', 1, 2),
('08_PLAN', 'Plan de Redaccion', 2, 2),
('08_PLAN', 'Plan de Redaccion', 3, 2),
('09_ELIM', 'Eliminacion de oraciones', 1, 2),
('09_ELIM', 'Eliminacion de oraciones', 2, 2),
('09_ELIM', 'Eliminacion de oraciones', 3, 2),
('10_MAT', 'Matematica', 1, 3),
('10_MAT', 'Matematica', 2, 3),
('10_MAT', 'Matematica', 3, 3),
('11_FIS', 'Fisica', 1, 4),
('11_FIS', 'Fisica', 2, 4),
('11_FIS', 'Fisica', 3, 4),
('12_QUIM', 'Quimica', 1, 5),
('12_QUIM', 'Quimica', 2, 5),
('12_QUIM', 'Quimica', 3, 5),
('13_BIO', 'Biologia', 1, 6),
('13_BIO', 'Biologia', 2, 6),
('13_BIO', 'Biologia', 3, 6),
('14_LL', 'Lenguaje y Literatura', 1, 7),
('14_LL', 'Lenguaje y Literatura', 2, 7),
('14_LL', 'Lenguaje y Literatura', 3, 7),
('15_HG', 'Historia y Geografia', 1, 8),
('15_HG', 'Historia y Geografia', 2, 8),
('15_HG', 'Historia y Geografia', 3, 8),
('16_PFL', 'Psicologia, Filosofia y Logica', 1, 9),
('16_PFL', 'Psicologia, Filosofia y Logica', 2, 9),
('16_PFL', 'Psicologia, Filosofia y Logica', 3, 9),
('17_ECO', 'Economia', 1, 10),
('17_ECO', 'Economia', 2, 10),
('17_ECO', 'Economia', 3, 10),
('18_EDUC', 'Educacion Civica', 1, 11),
('18_EDUC', 'Educacion Civica', 2, 11),
('18_EDUC', 'Educacion Civica', 3, 11);

-- --------------------------------------------------------

--
-- Estructura de tabla para la tabla `examen`
--

CREATE TABLE `examen` (
  `id` int(2) NOT NULL,
  `carrera_id` int(2) NOT NULL
) ENGINE=InnoDB DEFAULT CHARSET=latin1;

--
-- Volcado de datos para la tabla `examen`
--

INSERT INTO `examen` (`id`, `carrera_id`) VALUES
(17, 1),
(13, 11),
(14, 21),
(1, 31),
(2, 32),
(3, 41),
(4, 42),
(5, 51),
(6, 52),
(7, 61),
(8, 71),
(9, 72),
(16, 81),
(15, 82),
(10, 91),
(11, 92),
(12, 95);

-- --------------------------------------------------------

--
-- Estructura de tabla para la tabla `pregunta`
--

CREATE TABLE `pregunta` (
  `id` int(5) NOT NULL,
  `nombre` varchar(200) NOT NULL,
  `foto` varchar(60) NOT NULL,
  `curso_dividido` varchar(7) NOT NULL,
  `peso_id` float NOT NULL,
  `bloque_id` int(2) NOT NULL
) ENGINE=InnoDB DEFAULT CHARSET=latin1;

--
-- Volcado de datos para la tabla `pregunta`
--

INSERT INTO `pregunta` (`id`, `nombre`, `foto`, `curso_dividido`, `peso_id`, `bloque_id`) VALUES
(1, 'PREG_01_RM_PA', 'preguntas/matematica/problema1.jpg', '01_PARI', 1, 1),
(2, 'PREG_02_RM_PA', 'preguntas/matematica/problema2.jpg', '01_PARI', 1, 1),
(3, 'PREG_03_RM_PA', 'preguntas/matematica/problema1.jpg', '01_PARI', 0.5, 1),
(4, 'PREG_04_RM_PA', 'preguntas/matematica/problema1.jpg', '01_PARI', 2.5, 1),
(5, 'PREG_05_RM_PA', 'preguntas/matematica/problema1.jpg', '01_PARI', 1, 1),
(6, 'PREG_06_RM_PA', 'preguntas/matematica/problema1.jpg', '01_PARI', 1, 1),
(7, 'PREG_01_RM_ALG', 'preguntas/matematica/problema1.jpg', '02_PALG', 0.7, 1),
(8, 'PREG_02_RM_ALG', 'preguntas/matematica/problema1.jpg', '02_PALG', 1, 1),
(9, 'PREG_03_RM_ALG', 'preguntas/matematica/problema1.jpg', '02_PALG', 1.6, 1),
(10, 'PREG_04_RM_ALG', 'preguntas/matematica/problema1.jpg', '02_PALG', 1, 1);

-- --------------------------------------------------------

--
-- Estructura de tabla para la tabla `seccion`
--

CREATE TABLE `seccion` (
  `id` int(1) NOT NULL,
  `bloque_id` int(1) NOT NULL,
  `cant_preguntas` int(2) NOT NULL,
  `nombre` varchar(25) NOT NULL
) ENGINE=InnoDB DEFAULT CHARSET=latin1;

--
-- Volcado de datos para la tabla `seccion`
--

INSERT INTO `seccion` (`id`, `bloque_id`, `cant_preguntas`, `nombre`) VALUES
(1, 1, 45, 'Aptitud Academica'),
(2, 1, 55, 'Conocimiento');

--
-- ndices para tablas volcadas
--

--
-- Indices de la tabla `alternativa`
--
ALTER TABLE `alternativa`
  ADD PRIMARY KEY (`id_pregunta`,`bloque`);

--
-- Indices de la tabla `alternativa_detalle`
--
ALTER TABLE `alternativa_detalle`
  ADD PRIMARY KEY (`id_pregunta`,`id_alternativa`);

--
-- Indices de la tabla `alumno`
--
ALTER TABLE `alumno`
  ADD PRIMARY KEY (`id`);

--
-- Indices de la tabla `alumno_examen`
--
ALTER TABLE `alumno_examen`
  ADD PRIMARY KEY (`id`),
  ADD KEY `alumno_fk` (`alumno_id`),
  ADD KEY `examen_fk` (`examen_id`);

--
-- Indices de la tabla `bloque`
--
ALTER TABLE `bloque`
  ADD PRIMARY KEY (`id`);

--
-- Indices de la tabla `calificacion`
--
ALTER TABLE `calificacion`
  ADD PRIMARY KEY (`id_examen_post`,`id_preg`);

--
-- Indices de la tabla `carrera`
--
ALTER TABLE `carrera`
  ADD PRIMARY KEY (`codigo`),
  ADD KEY `bloque_fk` (`bloque_id`);

--
-- Indices de la tabla `curso`
--
ALTER TABLE `curso`
  ADD PRIMARY KEY (`id`,`bloque_id`),
  ADD KEY `bloque_fk_3` (`bloque_id`),
  ADD KEY `id` (`id`),
  ADD KEY `id_2` (`id`),
  ADD KEY `id_3` (`id`);

--
-- Indices de la tabla `curso_dividido`
--
ALTER TABLE `curso_dividido`
  ADD PRIMARY KEY (`id`,`bloque_id`),
  ADD KEY `bloque_fk_4` (`bloque_id`);

--
-- Indices de la tabla `examen`
--
ALTER TABLE `examen`
  ADD PRIMARY KEY (`id`),
  ADD KEY `carrera_id_fk` (`carrera_id`);

--
-- Indices de la tabla `pregunta`
--
ALTER TABLE `pregunta`
  ADD PRIMARY KEY (`id`),
  ADD KEY `bloque_foreign` (`bloque_id`);

--
-- Indices de la tabla `seccion`
--
ALTER TABLE `seccion`
  ADD PRIMARY KEY (`id`),
  ADD KEY `bloque_fk_2` (`bloque_id`);

--
-- AUTO_INCREMENT de las tablas volcadas
--

--
-- AUTO_INCREMENT de la tabla `alumno`
--
ALTER TABLE `alumno`
  MODIFY `id` int(11) NOT NULL AUTO_INCREMENT, AUTO_INCREMENT=2;
--
-- AUTO_INCREMENT de la tabla `alumno_examen`
--
ALTER TABLE `alumno_examen`
  MODIFY `id` int(5) NOT NULL AUTO_INCREMENT, AUTO_INCREMENT=37;
--
-- Restricciones para tablas volcadas
--

--
-- Filtros para la tabla `alumno_examen`
--
ALTER TABLE `alumno_examen`
  ADD CONSTRAINT `alumno_fk` FOREIGN KEY (`alumno_id`) REFERENCES `alumno` (`id`),
  ADD CONSTRAINT `examen_fk` FOREIGN KEY (`examen_id`) REFERENCES `examen` (`id`);

--
-- Filtros para la tabla `carrera`
--
ALTER TABLE `carrera`
  ADD CONSTRAINT `bloque_fk` FOREIGN KEY (`bloque_id`) REFERENCES `bloque` (`id`);

--
-- Filtros para la tabla `curso`
--
ALTER TABLE `curso`
  ADD CONSTRAINT `bloque_fk_3` FOREIGN KEY (`bloque_id`) REFERENCES `bloque` (`id`);

--
-- Filtros para la tabla `curso_dividido`
--
ALTER TABLE `curso_dividido`
  ADD CONSTRAINT `bloque_fk_4` FOREIGN KEY (`bloque_id`) REFERENCES `curso` (`bloque_id`);

--
-- Filtros para la tabla `examen`
--
ALTER TABLE `examen`
  ADD CONSTRAINT `carrera_id_fk` FOREIGN KEY (`carrera_id`) REFERENCES `carrera` (`codigo`);

--
-- Filtros para la tabla `pregunta`
--
ALTER TABLE `pregunta`
  ADD CONSTRAINT `bloque_foreign` FOREIGN KEY (`bloque_id`) REFERENCES `curso` (`bloque_id`);

--
-- Filtros para la tabla `seccion`
--
ALTER TABLE `seccion`
  ADD CONSTRAINT `bloque_fk_2` FOREIGN KEY (`bloque_id`) REFERENCES `bloque` (`id`);

/*!40101 SET CHARACTER_SET_CLIENT=@OLD_CHARACTER_SET_CLIENT */;
/*!40101 SET CHARACTER_SET_RESULTS=@OLD_CHARACTER_SET_RESULTS */;
/*!40101 SET COLLATION_CONNECTION=@OLD_COLLATION_CONNECTION */;
